Bait,Preys,PreyGene,MIST,Saint_BFDR,AvgSpec,FoldChange,Interaction
SARS-CoV2 E,O00203,AP3B1,0.963550095,0.00,4.67,46.67,1
SARS-CoV2 E,O60885,BRD4,0.97848835,0.00,2.67,26.67,1
SARS-CoV2 E,P25440,BRD2,0.906592876,0.00,7,70,1
SARS-CoV2 E,Q6UX04,CWC27,0.89310916,0.03,2.67,26.67,1
SARS-CoV2 E,Q86VM9,ZC3H18,0.796415039,0.00,2.67,26.67,1
SARS-CoV2 E,Q8IWA5,SLC44A2,0.950342834,0.00,2.67,26.67,1
SARS-CoV2 E,A0A5B9,P01887,0.455178901,0.08,17.141,46.67,0
SARS-CoV2 E,A0A5B9,P61769,0.421391641,0.03,16.478,26.67,0
SARS-CoV2 E,A0N6Y3,P00127,0.573934696,0.06,17.269,70,0
SARS-CoV2 E,A0N6Y3,P00128,0.469101859,0.03,15.785,26.67,0
SARS-CoV2 E,A0N6Y3,P00163,0.52338401,0.02,18.313,26.67,0
SARS-CoV2 E,A0N6Y3,P07143,0.434400043,0.06,15.256,26.67,0
SARS-CoV2 E,B8YB64,B8YB65,0.613544528,0.04,11.651,46.67,0
SARS-CoV2 E,B8YB64,Q97ZJ9,0.628043125,0.06,10.39,26.67,0
SARS-CoV2 E,B8YB64,Q980A3,0.631167513,0.08,11.266,70,0
SARS-CoV2 E,B8YB65,Q97ZJ9,0.978892719,0.08,10.796,26.67,0
SARS-CoV2 E,B8YB65,Q980A3,0.982389013,0.07,11.62,26.67,0
SARS-CoV2 E,B8YK79,P00698,0.981264591,0.02,10.404,26.67,0
SARS-CoV2 E,E7V2G6,P60293,0.993220351,0.00,4.33,46.67,0
SARS-CoV2 E,E8SWE0,P00953,0.806104461,0.00,36,26.67,0
SARS-CoV2 E,E9P9X4,P00830,0.826107348,0.00,8,70,0
SARS-CoV2 E,E9P9X4,P07251,0.991561179,0.00,2,26.67,0
SARS-CoV2 E,E9PAG7,P00830,0.985884183,0.00,2,26.67,0
SARS-CoV2 E,E9PW65,P36894,0.966748836,0.00,5,26.67,0
SARS-CoV2 M,O75439,PMPCB,0.985120198,0.00,9.67,96.67,1
SARS-CoV2 M,O95070,YIF1A,0.856000835,0.00,2.33,23.33,1
SARS-CoV2 M,P05026,ATP1B1,0.817625601,0.00,3.67,36.67,1
SARS-CoV2 M,P11310,ACADM,0.724348569,0.00,2.67,26.67,1
SARS-CoV2 M,P13804,ETFA,0.718398295,0.00,2.33,23.33,1
SARS-CoV2 M,P27105,STOM,0.752971772,0.00,3,30,1
SARS-CoV2 M,P38435,GGCX,0.789966998,0.01,2,20,1
SARS-CoV2 M,P38606,ATP6V1A,0.794938493,0.05,2.67,26.67,1
SARS-CoV2 M,P48556,PSMD8,0.881424779,0.05,2,20,1
SARS-CoV2 M,Q00765,REEP5,0.913088507,0.00,10.67,106.67,1
SARS-CoV2 M,Q10713,PMPCA,0.991059815,0.00,9.33,93.33,1
SARS-CoV2 M,Q4KMQ2,ANO6,0.993904419,0.00,9.33,93.33,1
SARS-CoV2 M,Q5JRX3,PITRM1,0.952308232,0.00,7,70,1
SARS-CoV2 M,Q6PML9,SLC30A9,0.886323242,0.05,2,20,1
SARS-CoV2 M,Q7L8L6,FASTKD5,0.758365887,0.00,7.33,73.33,1
SARS-CoV2 M,Q8NEW0,SLC30A7,0.766972437,0.00,4.67,46.67,1
SARS-CoV2 M,Q96CW5,TUBGCP3,0.753607002,0.00,7.67,76.67,1
SARS-CoV2 M,Q96D53,COQ8B,0.80074032,0.00,3.33,33.33,1
SARS-CoV2 M,Q96ER3,SAAL1,0.769472929,0.00,3.33,33.33,1
SARS-CoV2 M,Q96HR9,REEP6,0.955657163,0.05,2.33,23.33,1
SARS-CoV2 M,Q96HW7,INTS4,0.943304706,0.05,2.67,26.67,1
SARS-CoV2 M,Q9BQT8,SLC25A21,0.880779937,0.05,2,20,1
SARS-CoV2 M,Q9BSJ2,TUBGCP2,0.83958055,0.00,13,130,1
SARS-CoV2 M,Q9BW92,TARS2,0.758110505,0.00,2.67,26.67,1
SARS-CoV2 M,Q9NQC3,RTN4,0.873826097,0.00,10.67,106.67,1
SARS-CoV2 M,Q9UBU6,FAM8A1,0.80448832,0.00,2.33,23.33,1
SARS-CoV2 M,Q9UDR5,AASS,0.765109504,0.00,3,30,1
SARS-CoV2 M,Q9ULX6,AKAP8L,0.751981385,0.00,4.67,46.67,1
SARS-CoV2 M,Q9Y312,AAR2,0.801486724,0.00,4.33,43.33,1
SARS-CoV2 M,Q9Y6E2,BZW2,0.756364362,0.00,2.33,23.33,1
SARS-CoV2 M,A0N6Y3,P07256,0.403589619,0.03,19.542,96.67,0
SARS-CoV2 M,A0N6Y3,P07257,0.46604183,0.02,19.51,23.33,0
SARS-CoV2 M,A0N6Y3,P08525,0.498638194,0.08,16.848,36.67,0
SARS-CoV2 M,A0N6Y3,P22289,0.543043915,0.02,17.108,26.67,0
SARS-CoV2 M,A0N8N6,P61769,0.508283385,0.07,18.712,23.33,0
SARS-CoV2 M,A1BBA0,P22619,0.478113397,0.05,18.954,30,0
SARS-CoV2 M,A1EKW0,Q9KN57,0.456064257,0.09,19.691,20,0
SARS-CoV2 M,A1KGL6,O53799,0.519116603,0.04,17.293,26.67,0
SARS-CoV2 M,A1KGL6,Q7D9D3,0.400919099,0.02,15.375,20,0
SARS-CoV2 M,A1KGL7,A2VG40,0.441182405,0.08,15.609,106.67,0
SARS-CoV2 M,A1KGL7,O53799,0.452548934,0.04,18.668,93.33,0
SARS-CoV2 M,A1KGL7,Q7D9D3,0.588733834,0.03,17.392,93.33,0
SARS-CoV2 M,A1KGL7,Q7D9D4,0.437183707,0.06,18.966,70,0
SARS-CoV2 M,A1KKF3,A2VJK8,0.56399915,0.06,18.905,20,0
SARS-CoV2 M,A1KKF3,A4KIP1,0.420426219,0.06,19.198,73.33,0
SARS-CoV2 M,A1KKF3,A5U4D5,0.553768493,0.08,18.944,46.67,0
SARS-CoV2 M,A1KKF3,A5U4D6,0.541843699,0.03,16.52,76.67,0
SARS-CoV2 M,A1KKF3,A5WP83,0.46600853,0.03,16.015,33.33,0
SARS-CoV2 M,A1KKF3,D5XUM4,0.483965744,0.08,15.791,33.33,0
SARS-CoV2 M,A1KKF3,D5YRR7,0.417539716,0.08,18.358,23.33,0
SARS-CoV2 M,A1KKF3,D5Z4X8,0.450083328,0.05,15.147,26.67,0
SARS-CoV2 M,A1KKF3,D6FCP8,0.437179723,0.02,19.344,20,0
SARS-CoV2 M,A1KKF3,E2TAM5,0.415060813,0.07,18.622,130,0
SARS-CoV2 M,A1KML1,O33348,0.586493393,0.04,15.592,26.67,0
SARS-CoV2 M,A1VXZ7,A3ZJL2,0.434246825,0.04,18.414,106.67,0
SARS-CoV2 M,A1Y291,O75475,0.456936426,0.06,19.221,23.33,0
SARS-CoV2 M,A1Z6E0,P62869,0.538826787,0.04,19.692,30,0
SARS-CoV2 M,A1Z6E0,P62869,0.597574014,0.04,17.677,46.67,0
SARS-CoV2 M,A2AT02,O35987,0.565570423,0.04,19.984,43.33,0
SARS-CoV2 M,A2AT02,Q01853,0.470540829,0.06,17.695,23.33,0
SARS-CoV2 M,B9V825,P12497,0.981268688,0.08,10.383,96.67,0
SARS-CoV2 M,B9VV85,Q91B37,0.993975192,0.04,11.971,23.33,0
SARS-CoV2 M,B9VV85,Q91B40,0.943678488,0.08,11.664,36.67,0
SARS-CoV2 M,B9VV85,Q91B42,0.794123974,0.04,11.464,26.67,0
SARS-CoV2 M,B9XYT0,O26057,0.964585351,0.06,11.771,23.33,0
SARS-CoV2 M,B9Y1V3,Q7BK04,0.99112813,0.08,10.999,30,0
SARS-CoV2 M,C0LUE4,P31345,0.965372815,0.06,10.216,20,0
SARS-CoV2 M,C0LUE4,Q5R909,0.912239515,0.02,10.816,26.67,0
SARS-CoV2 M,C0X5A2,C2JK18,0.982905884,0.06,10.796,20,0
SARS-CoV2 M,C0XZF8,C4AU14,0.986587081,0.05,11.44,106.67,0
SARS-CoV2 M,C1AF05,D5YUF7,0.768344701,0.07,11.593,93.33,0
SARS-CoV2 M,C1AQ26,D5XUM4,0.969888009,0.04,10.427,93.33,0
SARS-CoV2 M,C1AQ26,D5YRR7,0.98581764,0.03,10.837,70,0
SARS-CoV2 M,C1AQ26,D6FCP8,0.717059992,0.03,11.016,20,0
SARS-CoV2 M,C1AQ26,D7ESJ2,0.987452704,0.07,11.369,73.33,0
SARS-CoV2 M,C1AQ26,E2TAM5,0.989493635,0.04,10.015,46.67,0
SARS-CoV2 M,C1NAQ6,Q7JJ26,0.9818645,0.07,11.437,76.67,0
SARS-CoV2 M,C2DWC8,E1J7M2,0.791211852,0.07,11.73,33.33,0
SARS-CoV2 M,C2IAL6,C2IH66,0.993449369,0.08,11.881,33.33,0
SARS-CoV2 M,C2J9I2,Q9K4U1,0.961171536,0.08,11.824,23.33,0
SARS-CoV2 M,C3HQD3,Q81KC7,0.843969576,0.04,11.459,26.67,0
SARS-CoV2 M,C3SGD7,D3GV49,0.89261208,0.04,10.004,20,0
SARS-CoV2 M,C3SGD7,E9YWU2,0.993695111,0.05,11.747,130,0
SARS-CoV2 M,C4AU14,Q3JP15,0.991104307,0.04,10.44,26.67,0
SARS-CoV2 M,C4AU14,Q63R49,0.980964951,0.07,11.822,106.67,0
SARS-CoV2 M,C4PK56,Q07717,0.980817495,0.05,11.538,23.33,0
SARS-CoV2 M,C5Q5A7,Q2YVR9,0.983254345,0.05,11.692,30,0
SARS-CoV2 M,C5W716,C6E9S5,0.96685652,0.03,11.108,46.67,0
SARS-CoV2 M,C6DPV1,D5Z4X8,0.992827377,0.05,11.87,43.33,0
SARS-CoV2 M,C6DPV1,O33245,0.986726338,0.04,10.67,23.33,0
SARS-CoV2 M,E9RGH8,F2Z283,0.706328526,0.00,17.33,96.67,0
SARS-CoV2 M,F1NPG5,P0DJH7,0.81834398,0.00,6.33,23.33,0
SARS-CoV2 M,F1NPJ4,Q5ZIS0,0.967517561,0.01,6,36.67,0
SARS-CoV2 M,F5H747,F5H7Y5,0.879682645,0.00,4.33,26.67,0
SARS-CoV2 M,F5H8P3,P0A387,0.972857922,0.00,181,23.33,0
SARS-CoV2 M,F5H8P3,P12238,0.98324168,0.00,2,30,0
SARS-CoV2 M,F5H8P3,P12239,0.824465649,0.00,20,20,0
SARS-CoV2 M,F5H8P3,P12240,0.844600144,0.00,5.33,26.67,0
SARS-CoV2 M,F5H8P3,P12241,0.985331119,0.00,6.67,20,0
SARS-CoV2 M,F5H8P3,P12313,0.721790867,0.00,7,106.67,0
SARS-CoV2 M,F5H8P3,P51765,0.993645979,0.00,20,93.33,0
SARS-CoV2 M,F5H8P3,P56152,0.978204196,0.00,4.33,93.33,0
SARS-CoV2 M,F5HB26,P61769,0.743312102,0.00,18,70,0
SARS-CoV2 M,O00401,Q9UHR4,0.931530938,0.00,2.33,20,0
SARS-CoV2 M,O00512,Q9NQB0,0.984056824,0.04,85,73.33,0
SARS-CoV2 M,O08582,P01887,0.95793072,0.00,2,46.67,0
SARS-CoV2 M,O08838,O43426,0.932470503,0.00,4.67,76.67,0
SARS-CoV2 M,O09061,O70435,0.991893438,0.05,2,33.33,0
SARS-CoV2 M,O09061,P28076,0.722502016,0.05,2.33,33.33,0
SARS-CoV2 M,O09061,P49722,0.977300463,0.00,4,23.33,0
SARS-CoV2 M,O09061,Q60692,0.989068101,0.00,2,26.67,0
SARS-CoV2 M,O09061,Q9QUM9,0.72751463,0.05,4,20,0
SARS-CoV2 M,O09061,Q9R1P0,0.723777507,0.00,8,130,0
SARS-CoV2 M,O09061,Q9R1P3,0.877155555,0.00,2.67,26.67,0
SARS-CoV2 M,O09061,Q9Z2U0,0.732723909,0.05,3.67,106.67,0
SARS-CoV2 M,O11822,P61769,0.80084048,0.00,6,23.33,0
SARS-CoV2 M,O13516,P02407,0.993220351,0.00,3.67,30,0
SARS-CoV2 M,O13516,P05750,0.806104461,0.05,2.67,46.67,0
SARS-CoV2 M,O13516,P05756,0.826107348,0.00,3.33,43.33,0
SARS-CoV2 M,O13516,P05759,0.991561179,0.03,2.67,23.33,0
SARS-CoV2 N,O43818,RRP9,0.861168798,0.00,13,130,1
SARS-CoV2 N,P11940,PABPC1,0.736635929,0.00,7.33,73.33,1
SARS-CoV2 N,P19784,CSNK2A2,0.875048268,0.00,7,70,1
SARS-CoV2 N,P67870,CSNK2B,0.803607895,0.00,2.33,23.33,1
SARS-CoV2 N,Q13283,G3BP1,0.95331626,0.00,54.67,150.33,1
SARS-CoV2 N,Q13310,PABPC4,0.846200046,0.00,10,100,1
SARS-CoV2 N,Q6PKG0,LARP1,0.73787466,0.00,8.67,86.67,1
SARS-CoV2 N,Q8NCA5,FAM98A,0.921076719,0.00,3.67,36.67,1
SARS-CoV2 N,Q8TAD8,SNIP1,0.818230245,0.00,6.67,66.67,1
SARS-CoV2 N,Q92900,UPF1,0.753067271,0.00,5.67,56.67,1
SARS-CoV2 N,Q9HCE1,MOV10,0.736672944,0.00,3.33,33.33,1
SARS-CoV2 N,Q9UN86,G3BP2,0.958133672,0.00,35.33,194.33,1
SARS-CoV2 N,Q9NR30,DDX21,0.613544528,0.00,36.67,28.81,1
SARS-CoV2 N,Q9NW13,RBM28,0.628043125,0.00,10,100,1
SARS-CoV2 N,Q9Y3U8,RPL36,0.631167513,0.00,6.33,34.83,1
SARS-CoV2 N,A2NTY6,A8CDU0,0.594866596,0.06,19.165,130,0
SARS-CoV2 N,A2NTY6,A9JJF6,0.580790494,0.03,16.479,73.33,0
SARS-CoV2 N,A2NTY6,P01903,0.581955223,0.03,16.82,70,0
SARS-CoV2 N,A2NUT2,A6N6W4,0.492735441,0.03,17.586,23.33,0
SARS-CoV2 N,A2NUT2,A6N6W6,0.532706078,0.05,15.674,150.33,0
SARS-CoV2 N,A2NUT2,Q1PHM6,0.566307444,0.06,16.701,100,0
SARS-CoV2 N,A2NUT2,Q6DQ33,0.498740174,0.04,18.151,86.67,0
SARS-CoV2 N,A2NV54,Q9WFX3,0.485682928,0.06,18.262,36.67,0
SARS-CoV2 N,A2NVF0,P04234,0.548618182,0.06,15.883,66.67,0
SARS-CoV2 N,A2S9Z8,A8KVB0,0.521463032,0.03,16.407,56.67,0
SARS-CoV2 N,A2VG40,A5WKA4,0.481618366,0.07,19.062,33.33,0
SARS-CoV2 N,A2VGP3,A5U4K5,0.993220351,0.02,18.171,194.33,0
SARS-CoV2 N,A2VGP3,P64767,0.806104461,0.03,15.677,28.81,0
SARS-CoV2 N,A2VJK8,A5U4D5,0.826107348,0.05,19.707,100,0
SARS-CoV2 N,A2VJK8,A5U4D6,0.991561179,0.03,15.636,34.83,0
SARS-CoV2 N,C6DUQ2,O53799,0.990541089,0.04,11.66,130,0
SARS-CoV2 N,C6E9R4,C6E9S4,0.985289524,0.06,10.213,73.33,0
SARS-CoV2 N,C6E9R4,C6E9S5,0.887314876,0.03,10.692,70,0
SARS-CoV2 N,C6E9S2,C6E9S5,0.851502614,0.04,10.609,23.33,0
SARS-CoV2 N,C6TEX2,P05310,0.971855938,0.03,11.479,150.33,0
SARS-CoV2 N,C6TEX2,P05311,0.981570359,0.04,10.443,100,0
SARS-CoV2 N,C6TEX2,P10793,0.897857211,0.04,10.992,86.67,0
SARS-CoV2 N,C6TEX2,P12353,0.880321174,0.06,10.222,36.67,0
SARS-CoV2 N,C6TEX2,P12355,0.983191506,0.06,10.055,66.67,0
SARS-CoV2 N,C6TEX2,P12357,0.912028315,0.05,10.281,56.67,0
SARS-CoV2 N,C6TEX2,P17227,0.873840643,0.04,10.159,33.33,0
SARS-CoV2 N,C6TEX2,P17230,0.96917283,0.03,10.579,194.33,0
SARS-CoV2 N,C6TEX2,P22179,0.933626993,0.03,11.324,28.81,0
SARS-CoV2 N,C6TEX2,P36886,0.962431031,0.04,11.965,100,0
SARS-CoV2 N,C6TEX2,Q01667,0.928738823,0.07,10.095,34.83,0
SARS-CoV2 N,O13516,P06367,0.985884183,0.00,3,130,0
SARS-CoV2 N,O13516,P07280,0.966748836,0.00,4.33,73.33,0
SARS-CoV2 N,O13516,P0C0V8,0.706328526,0.00,4,70,0
SARS-CoV2 N,O13516,P0CX29,0.81834398,0.03,3,23.33,0
SARS-CoV2 N,O13516,P0CX37,0.967517561,0.00,2,150.33,0
SARS-CoV2 N,O13516,P0CX39,0.879682645,0.00,5.67,100,0
SARS-CoV2 nsp1,P09884,POLA1,0.981264591,0.00,3.33,33.33,1
SARS-CoV2 nsp1,P49642,PRIM1,0.981268688,0.00,3.33,33.33,1
SARS-CoV2 nsp1,P49643,PRIM2,0.993975192,0.00,4.67,46.67,1
SARS-CoV2 nsp1,Q14181,POLA2,0.943678488,0.03,4,40,1
SARS-CoV2 nsp1,Q8NBJ5,COLGALT1,0.794123974,0.00,7.33,73.33,1
SARS-CoV2 nsp1,Q99959,PKP2,0.964585351,0.00,43,430,1
SARS-CoV2 nsp1,A2VJK8,D5Z4X9,0.706328526,0.07,16.4,33.33,0
SARS-CoV2 nsp1,A2VJK8,D6FCP8,0.81834398,0.03,15.865,33.33,0
SARS-CoV2 nsp1,A2VJK8,D7ESJ2,0.967517561,0.07,19.677,46.67,0
SARS-CoV2 nsp1,A2VJK8,E2TAM5,0.879682645,0.09,19.979,40,0
SARS-CoV2 nsp1,A2VKP7,C1AF05,0.972857922,0.04,18.901,73.33,0
SARS-CoV2 nsp1,A2VKP7,D5YI18,0.98324168,0.03,15.776,430,0
SARS-CoV2 nsp1,C6TEX2,Q84U30,0.989815969,0.06,11.155,33.33,0
SARS-CoV2 nsp1,C6TEX2,Q9S831,0.86755993,0.04,11.793,33.33,0
SARS-CoV2 nsp1,C6TEX2,Q9SQL2,0.979124391,0.05,11.312,46.67,0
SARS-CoV2 nsp1,C6YVW8,D2AMC8,0.975292134,0.03,10.377,40,0
SARS-CoV2 nsp1,C7GM91,E9PAG7,0.879704216,0.07,10.353,73.33,0
SARS-CoV2 nsp1,C7GM91,P00830,0.989917408,0.06,10.275,430,0
SARS-CoV2 nsp10,O94973,AP2A2,0.99112813,0.00,5.67,56.67,1
SARS-CoV2 nsp10,P55789,GFER,0.965372815,0.00,4.67,46.67,1
SARS-CoV2 nsp10,Q969X5,ERGIC1,0.912239515,0.00,14.67,146.67,1
SARS-CoV2 nsp10,Q96CW1,AP2M1,0.982905884,0.00,3,30,1
SARS-CoV2 nsp10,Q9HAV7,GRPEL1,0.986587081,0.00,2.67,26.67,1
SARS-CoV2 nsp10,A2VKP7,D5YUF7,0.824465649,0.06,18.172,56.67,0
SARS-CoV2 nsp10,A2VKP7,P0A4Z6,0.844600144,0.07,19.201,46.67,0
SARS-CoV2 nsp10,A3DDN1,P71143,0.703620586,0.05,16.079,146.67,0
SARS-CoV2 nsp10,A3MM39,Q3JQ80,0.96066367,0.05,17.903,30,0
SARS-CoV2 nsp10,A3MN95,A8KWB0,0.77235306,0.08,18.496,26.67,0
SARS-CoV2 nsp10,C7GM91,P21306,0.990718127,0.05,10.371,56.67,0
SARS-CoV2 nsp10,C7GM91,P61829,0.987387119,0.05,11.348,46.67,0
SARS-CoV2 nsp10,C7GM91,Q12165,0.966944672,0.05,10.397,146.67,0
SARS-CoV2 nsp10,C7GSE6,C8Z3U3,0.991583194,0.03,11.278,30,0
SARS-CoV2 nsp10,C7GSE6,E7QB62,0.964318835,0.07,11.483,26.67,0
SARS-CoV2 nsp11,O75347,TBCA,0.768344701,0.01,2.67,14.67,1
SARS-CoV2 nsp11,A3MN95,B7CL66,0.988134523,0.06,17.527,14.67,0
SARS-CoV2 nsp11,C7GSE6,P07251,0.98176996,0.08,11.851,14.67,0
SARS-CoV2 nsp12,A3KN83,SBNO1,0.969888009,0.00,15,150,1
SARS-CoV2 nsp12,O14874,BCKDK,0.98581764,0.00,8.33,83.33,1
SARS-CoV2 nsp12,O43823,AKAP8,0.717059992,0.05,2.67,26.67,1
SARS-CoV2 nsp12,O75592,MYCBP2,0.987452704,0.00,6.33,63.33,1
SARS-CoV2 nsp12,O95391,SLU7,0.989493635,0.00,14.33,143.33,1
SARS-CoV2 nsp12,Q13546,RIPK1,0.9818645,0.00,8,80,1
SARS-CoV2 nsp12,Q14157,UBAP2L,0.791211852,0.00,15.33,153.33,1
SARS-CoV2 nsp12,Q2T9J0,TYSND1,0.993449369,0.00,11.33,113.33,1
SARS-CoV2 nsp12,Q5EBL8,PDZD11,0.961171536,0.05,2,20,1
SARS-CoV2 nsp12,Q5JSZ5,PRRC2B,0.843969576,0.00,9,33,1
SARS-CoV2 nsp12,Q5T6F2,UBAP2,0.89261208,0.00,9.33,93.33,1
SARS-CoV2 nsp12,Q5VUA4,ZNF318,0.993695111,0.00,9.67,96.67,1
SARS-CoV2 nsp12,Q6UUV7,CRTC3,0.991104307,0.00,7.67,76.67,1
SARS-CoV2 nsp12,Q70EL1,USP54,0.980964951,0.00,4.33,43.33,1
SARS-CoV2 nsp12,Q8IWR0,ZC3H7A,0.980817495,0.00,36,360,1
SARS-CoV2 nsp12,Q92615,LARP4B,0.983254345,0.00,8,80,1
SARS-CoV2 nsp12,Q96IZ5,RBM41,0.96685652,0.05,2,20,1
SARS-CoV2 nsp12,Q99081,TCF12,0.992827377,0.01,2,20,1
SARS-CoV2 nsp12,Q9H2H8,PPIL3,0.986726338,0.00,5,50,1
SARS-CoV2 nsp12,Q9HAU0,PLEKHA5,0.990541089,0.00,17.33,173.33,1
SARS-CoV2 nsp12,A3MN95,C0XZF8,0.669574426,0.04,16.069,150,0
SARS-CoV2 nsp12,A3MN95,Q63R49,0.660192254,0.02,16.465,83.33,0
SARS-CoV2 nsp12,A3QNQ0,P37173,0.993764827,0.04,17.501,26.67,0
SARS-CoV2 nsp12,A3ZJL2,D3FLM4,0.948289085,0.04,15.54,63.33,0
SARS-CoV2 nsp12,A4KIP1,A5U4D5,0.988959751,0.09,15.485,143.33,0
SARS-CoV2 nsp12,A4KIP1,A5WP83,0.978100903,0.04,18.008,80,0
SARS-CoV2 nsp12,A4KIP1,C1AQ26,0.993959488,0.04,17.92,153.33,0
SARS-CoV2 nsp12,A4KIP1,D5Z4X9,0.99404114,0.03,19.198,113.33,0
SARS-CoV2 nsp12,A4KIP1,D6FCP8,0.956356188,0.07,19.485,20,0
SARS-CoV2 nsp12,A4KIP1,D7ESJ2,0.753716811,0.07,18.692,33,0
SARS-CoV2 nsp12,A4KIP1,E2TAM5,0.99395635,0.04,16.811,93.33,0
SARS-CoV2 nsp12,A4KR29,B4AQU0,0.991125633,0.04,18.08,96.67,0
SARS-CoV2 nsp12,A4KR29,D2AMC8,0.864649763,0.02,15.055,76.67,0
SARS-CoV2 nsp12,A4KR29,Q5NH47,0.770566762,0.05,19.067,43.33,0
SARS-CoV2 nsp12,A4L8F7,P01887,0.804405154,0.08,19.416,360,0
SARS-CoV2 nsp12,A5A6J1,D0VWZ0,0.955124813,0.06,18.472,80,0
SARS-CoV2 nsp12,A5F0W4,A6A028,0.77999958,0.09,18.779,20,0
SARS-CoV2 nsp12,A5GZW8,Q0QF01,0.891878677,0.04,19.572,20,0
SARS-CoV2 nsp12,A5U0C2,Q7D9D3,0.895648601,0.03,15.648,50,0
SARS-CoV2 nsp12,A5U2B8,P66034,0.968853805,0.08,17.13,173.33,0
SARS-CoV2 nsp12,C7GSE6,P21306,0.987514452,0.04,11.583,150,0
SARS-CoV2 nsp12,C7GSE6,P61829,0.873361571,0.08,10.224,83.33,0
SARS-CoV2 nsp12,C7GSE6,Q12165,0.987966991,0.07,11.373,26.67,0
SARS-CoV2 nsp12,C7GUW3,E7QC79,0.939307247,0.08,11.669,63.33,0
SARS-CoV2 nsp12,C7SIW5,P23008,0.990813809,0.04,10.615,143.33,0
SARS-CoV2 nsp12,C7SIW5,Q82122,0.986870312,0.09,11.462,80,0
SARS-CoV2 nsp12,C8N4C6,D1R0S6,0.481101757,0.03,10.546,153.33,0
SARS-CoV2 nsp12,C8Z3U3,E7QB62,0.590778921,0.09,11.787,113.33,0
SARS-CoV2 nsp12,C9JGC2,Q16630,0.596206155,0.04,10.835,20,0
SARS-CoV2 nsp12,C9QXA2,P0ABB0,0.528220142,0.08,11.289,33,0
SARS-CoV2 nsp12,D0A9L2,Q952G2,0.511696634,0.03,10.231,93.33,0
SARS-CoV2 nsp12,D0IRB2,O25025,0.407991564,0.09,11.12,96.67,0
SARS-CoV2 nsp12,D0VWR1,D0VWR3,0.50042005,0.07,11.381,76.67,0
SARS-CoV2 nsp12,D0VWR1,D0VWR5,0.490811086,0.04,10.778,43.33,0
SARS-CoV2 nsp12,D0VWR1,D0VWR7,0.538966449,0.06,11.743,360,0
SARS-CoV2 nsp12,D0VWR1,F5H8P3,0.585848672,0.03,10.318,80,0
SARS-CoV2 nsp12,D0VWR1,P0A387,0.545767668,0.06,10.74,20,0
SARS-CoV2 nsp12,D0VWR1,P12239,0.569355514,0.08,10.688,20,0
SARS-CoV2 nsp12,D0VWR1,P12240,0.58080998,0.03,10.984,50,0
SARS-CoV2 nsp12,D0VWR1,P19054,0.486872768,0.05,10.817,173.33,0
SARS-CoV2 nsp13,A7MCY6,TBKBP1,0.985289524,0.00,6.33,63.33,1
SARS-CoV2 nsp13,O14578,CIT,0.887314876,0.00,6,60,1
SARS-CoV2 nsp13,O75506,HSBP1,0.851502614,0.00,4.33,43.33,1
SARS-CoV2 nsp13,O95613,PCNT,0.971855938,0.00,181,1810,1
SARS-CoV2 nsp13,O95684,CEP43,0.981570359,0.05,2,20,1
SARS-CoV2 nsp13,P13861,PRKAR2A,0.897857211,0.00,20,200,1
SARS-CoV2 nsp13,P17612,PRKACA,0.880321174,0.00,5.33,53.33,1
SARS-CoV2 nsp13,P31323,PRKAR2B,0.983191506,0.00,6.67,66.67,1
SARS-CoV2 nsp13,P35241,RDX,0.912028315,0.00,7,70,1
SARS-CoV2 nsp13,P49454,CENPF,0.873840643,0.00,20,200,1
SARS-CoV2 nsp13,Q04724,TLE1,0.96917283,0.00,4.33,43.33,1
SARS-CoV2 nsp13,Q04726,TLE3,0.933626993,0.00,18,180,1
SARS-CoV2 nsp13,Q08117,TLE5,0.962431031,0.04,2.33,23.33,1
SARS-CoV2 nsp13,Q08378,GOLGA3,0.928738823,0.00,85,850,1
SARS-CoV2 nsp13,Q08379,GOLGA2,0.952311087,0.00,77.33,773.33,1
SARS-CoV2 nsp13,Q14789,GOLGB1,0.985604541,0.00,90,900,1
SARS-CoV2 nsp13,Q4V328,GRIPAP1,0.989815969,0.00,31,310,1
SARS-CoV2 nsp13,Q5VT06,CEP350,0.86755993,0.00,5.67,56.67,1
SARS-CoV2 nsp13,Q5VU43,PDE4DIP,0.979124391,0.00,23.67,236.67,1
SARS-CoV2 nsp13,Q66GS9,CEP135,0.975292134,0.00,6.33,63.33,1
SARS-CoV2 nsp13,Q76N32,CEP68,0.879704216,0.03,3,30,1
SARS-CoV2 nsp13,Q7Z7A1,CNTRL,0.989917408,0.00,5,50,1
SARS-CoV2 nsp13,Q8IUD2,ERC1,0.990718127,0.00,24,240,1
SARS-CoV2 nsp13,Q8IWJ2,GCC2,0.987387119,0.00,4.67,46.67,1
SARS-CoV2 nsp13,Q8N3C7,CLIP4,0.966944672,0.00,3.67,36.67,1
SARS-CoV2 nsp13,Q8N4C6,NIN,0.991583194,0.00,69,690,1
SARS-CoV2 nsp13,Q8N8E3,CEP112,0.964318835,0.05,2.33,23.33,1
SARS-CoV2 nsp13,Q8TD10,MIPOL1,0.98176996,0.00,18,180,1
SARS-CoV2 nsp13,Q92995,USP13,0.987514452,0.00,10.33,103.33,1
SARS-CoV2 nsp13,Q96CN9,GCC1,0.873361571,0.00,9.67,96.67,1
SARS-CoV2 nsp13,Q96N16,JAKMIP1,0.987966991,0.00,14.67,146.67,1
SARS-CoV2 nsp13,Q96SN8,CDK5RAP2,0.939307247,0.00,62.67,626.67,1
SARS-CoV2 nsp13,Q99996,AKAP9,0.990813809,0.00,109,1090,1
SARS-CoV2 nsp13,Q9BQQ3,GORASP1,0.986870312,0.00,5.33,53.33,1
SARS-CoV2 nsp13,Q9BQS8,FYCO1,0.733173301,0.05,2,20,1
SARS-CoV2 nsp13,Q9BV19,C1orf50,0.932056845,0.00,4,40,1
SARS-CoV2 nsp13,Q9BV73,CEP250,0.990717833,0.00,151,1510,1
SARS-CoV2 nsp13,Q9UHD2,TBK1,0.993970596,0.00,7,70,1
SARS-CoV2 nsp13,Q9UJC3,HOOK1,0.994048081,0.00,24,240,1
SARS-CoV2 nsp13,Q9Y2I6,NINL,0.987790569,0.00,45.33,453.33,1
SARS-CoV2 nsp13,A5U4D5,A5U4D6,0.730637585,0.08,17.701,63.33,0
SARS-CoV2 nsp13,A5U4D5,C1AQ26,0.964065603,0.07,15.999,60,0
SARS-CoV2 nsp13,A5U4D5,D5YRR7,0.987311655,0.05,16.148,43.33,0
SARS-CoV2 nsp13,A5U4D5,D6FCP8,0.96448549,0.08,19.429,1810,0
SARS-CoV2 nsp13,A5U4D5,D7ESJ2,0.931450716,0.05,18.116,20,0
SARS-CoV2 nsp13,A5U4D5,E2TAM5,0.935739854,0.04,17.829,200,0
SARS-CoV2 nsp13,A5U4D5,O33245,0.996608085,0.07,19.551,53.33,0
SARS-CoV2 nsp13,A5U4D6,C1AQ26,0.918145019,0.07,15.735,66.67,0
SARS-CoV2 nsp13,A5U4D6,D5XUM4,0.988940128,0.07,15.843,70,0
SARS-CoV2 nsp13,A5U4D6,D5Z4X9,0.907553065,0.04,19.876,200,0
SARS-CoV2 nsp13,A5U4D6,D6FCP8,0.947349246,0.03,18.188,43.33,0
SARS-CoV2 nsp13,A5U4D6,D7ESJ2,0.986461876,0.04,18.717,180,0
SARS-CoV2 nsp13,A5U4D6,E2TAM5,0.941600803,0.05,19.782,23.33,0
SARS-CoV2 nsp13,A5U5N6,D5YI18,0.943440916,0.02,16.833,850,0
SARS-CoV2 nsp13,A5U5N6,D5YUF7,0.907126851,0.06,16.915,773.33,0
SARS-CoV2 nsp13,A5U5N6,D6FJA3,0.906162551,0.08,17.326,900,0
SARS-CoV2 nsp13,A5U5N6,P0A4Z6,0.977851793,0.08,19.396,310,0
SARS-CoV2 nsp13,A5U832,E2TRM7,0.937316245,0.06,19.431,56.67,0
SARS-CoV2 nsp13,A5WKA4,O53799,0.956060086,0.08,16.652,236.67,0
SARS-CoV2 nsp13,A5WKA4,Q7D9D4,0.966777791,0.04,19.652,63.33,0
SARS-CoV2 nsp13,A5WP83,D5Z4X8,0.95969596,0.08,15.955,30,0
SARS-CoV2 nsp13,A5WP84,D5Z4X8,0.990216066,0.06,18.366,50,0
SARS-CoV2 nsp13,A5WQE5,C1AF05,0.942054536,0.07,19.925,240,0
SARS-CoV2 nsp13,A5WQE5,D5YI18,0.972807803,0.07,17.39,46.67,0
SARS-CoV2 nsp13,A5WQE5,D6FJA3,0.947759508,0.06,17.771,36.67,0
SARS-CoV2 nsp13,A5WQE5,P0A4Z6,0.962552066,0.06,17.789,690,0
SARS-CoV2 nsp13,A5YI31,B5LP24,0.946890375,0.08,16.547,23.33,0
SARS-CoV2 nsp13,A5YI31,B9V3Y5,0.976674349,0.02,17.985,180,0
SARS-CoV2 nsp13,A6AC58,Q9KTK0,0.901061863,0.09,17.392,103.33,0
SARS-CoV2 nsp13,A6BP30,Q8ZCP4,0.926876849,0.07,16.105,96.67,0
SARS-CoV2 nsp13,A6ZKK5,C8Z3U3,0.962753358,0.06,15.152,146.67,0
SARS-CoV2 nsp13,A6ZKK5,E7NEK9,0.924032292,0.03,16.257,626.67,0
SARS-CoV2 nsp13,A6ZKK5,E7QB62,0.906766879,0.06,18.7,1090,0
SARS-CoV2 nsp13,A6ZKK5,P07251,0.936810121,0.06,17.981,53.33,0
SARS-CoV2 nsp13,A6ZKK5,P21306,0.932256764,0.05,15.433,20,0
SARS-CoV2 nsp13,A6ZKK5,Q12165,0.912688688,0.09,16.233,40,0
SARS-CoV2 nsp13,A6ZQ91,P57744,0.935737381,0.07,15.168,1510,0
SARS-CoV2 nsp13,A6ZXI2,P53622,0.928434474,0.05,18.128,70,0
SARS-CoV2 nsp13,A7A196,Q04491,0.913819255,0.08,15.073,240,0
SARS-CoV2 nsp13,A7A232,B5VI19,0.904344092,0.08,16.247,453.33,0
SARS-CoV2 nsp13,D0VWR1,Q7DGD4,0.557573267,0.03,10.948,63.33,0
SARS-CoV2 nsp13,D0VWR2,D0VWR3,0.520387902,0.06,11.359,60,0
SARS-CoV2 nsp13,D0VWR2,D0VWR4,0.50140032,0.08,10.471,43.33,0
SARS-CoV2 nsp13,D0VWR2,D0VWR5,0.528819222,0.07,10.501,1810,0
SARS-CoV2 nsp13,D0VWR2,D0VWR6,0.507673051,0.06,11.531,20,0
SARS-CoV2 nsp13,D0VWR2,D0VWR9,0.408236766,0.02,10.587,200,0
SARS-CoV2 nsp13,D0VWR2,F5H8P3,0.454234227,0.07,11.559,53.33,0
SARS-CoV2 nsp13,D0VWR2,P0A387,0.501783234,0.04,10.393,66.67,0
SARS-CoV2 nsp13,D0VWR2,P12238,0.407415162,0.06,11.716,70,0
SARS-CoV2 nsp13,D0VWR2,P12239,0.422318522,0.08,10.012,200,0
SARS-CoV2 nsp13,D0VWR2,P12240,0.48639037,0.04,10.596,43.33,0
SARS-CoV2 nsp13,D0VWR2,P12241,0.475003407,0.09,10.7,180,0
SARS-CoV2 nsp13,D0VWR2,P12313,0.519015901,0.04,11.949,23.33,0
SARS-CoV2 nsp13,D0VWR2,P19054,0.54056953,0.06,10.114,850,0
SARS-CoV2 nsp13,D0VWR2,Q7DGD4,0.49805942,0.09,10.92,773.33,0
SARS-CoV2 nsp13,D0VWR3,D0VWR4,0.527544765,0.04,11.799,900,0
SARS-CoV2 nsp13,D0VWR3,D0VWR6,0.540392634,0.04,10.543,310,0
SARS-CoV2 nsp13,D0VWR3,D0VWR8,0.564274919,0.09,10.93,56.67,0
SARS-CoV2 nsp13,D0VWR3,D0VWR9,0.592974833,0.06,11.55,236.67,0
SARS-CoV2 nsp13,D0VWR3,P0A387,0.511855872,0.05,11.232,63.33,0
SARS-CoV2 nsp13,D0VWR3,P12238,0.486628233,0.03,11.584,30,0
SARS-CoV2 nsp13,D0VWR3,P12239,0.527962085,0.05,10.648,50,0
SARS-CoV2 nsp13,D0VWR3,P12240,0.553905057,0.07,10.053,240,0
SARS-CoV2 nsp13,D0VWR3,P12241,0.591231316,0.07,10.481,46.67,0
SARS-CoV2 nsp13,D0VWR3,P12313,0.42412908,0.03,10.545,36.67,0
SARS-CoV2 nsp13,D0VWR3,P51765,0.58065052,0.04,11.399,690,0
SARS-CoV2 nsp13,D0VWR3,P56152,0.402972588,0.06,10.006,23.33,0
SARS-CoV2 nsp13,D0VWR4,D0VWR5,0.574674076,0.04,10.486,180,0
SARS-CoV2 nsp13,D0VWR4,D0VWR7,0.475159653,0.08,10.288,103.33,0
SARS-CoV2 nsp13,D0VWR4,D0VWR9,0.544490109,0.03,10.385,96.67,0
SARS-CoV2 nsp13,D0VWR4,F5H8P3,0.448524995,0.06,11.08,146.67,0
SARS-CoV2 nsp13,D0VWR4,P0A387,0.415528643,0.05,10.219,626.67,0
SARS-CoV2 nsp13,D0VWR4,P12238,0.561606459,0.02,11.548,1090,0
SARS-CoV2 nsp13,D0VWR4,P12239,0.524802644,0.05,11.617,53.33,0
SARS-CoV2 nsp13,D0VWR4,P12240,0.534831006,0.07,10.902,20,0
SARS-CoV2 nsp13,D0VWR4,P12241,0.46560626,0.05,11.455,40,0
SARS-CoV2 nsp13,D0VWR4,P12313,0.504542722,0.04,10.543,1510,0
SARS-CoV2 nsp13,D0VWR4,P19054,0.411080855,0.05,10.637,70,0
SARS-CoV2 nsp13,D0VWR4,P51765,0.527203634,0.08,11.178,240,0
SARS-CoV2 nsp13,D0VWR4,P56152,0.467244059,0.03,10.447,453.33,0
SARS-CoV2 nsp14,P06280,GLA,0.841137578,0.00,25.67,256.67,1
SARS-CoV2 nsp14,P12268,IMPDH2,0.989667608,0.00,18.33,183.33,1
SARS-CoV2 nsp14,Q9NXA8,SIRT5,0.99363281,0.00,11.67,116.67,1
SARS-CoV2 nsp14,A7A232,P21242,0.985485381,0.09,17.68,256.67,0
SARS-CoV2 nsp14,A7A232,P21243,0.942451891,0.05,19.485,183.33,0
SARS-CoV2 nsp14,A7A232,P22141,0.973340171,0.04,17.187,116.67,0
SARS-CoV2 nsp14,D0VWR4,Q7DGD4,0.599304698,0.06,10.663,256.67,0
SARS-CoV2 nsp14,D0VWR5,D0VWR6,0.483662619,0.06,11.855,183.33,0
SARS-CoV2 nsp14,D0VWR5,D0VWR8,0.524101285,0.05,11.85,116.67,0
SARS-CoV2 nsp15,P61970,NUTF2,0.987886,0.00,2.33,23.33,1
SARS-CoV2 nsp15,P62330,ARF6,0.988131492,0.00,7,70,1
SARS-CoV2 nsp15,Q9H4P4,RNF41,0.993560817,0.00,21.33,213.33,1
SARS-CoV2 nsp15,A7A232,P23638,0.968130277,0.05,15.09,23.33,0
SARS-CoV2 nsp15,A7A232,P23639,0.973252066,0.03,15.878,70,0
SARS-CoV2 nsp15,A7A232,P23724,0.958702842,0.07,16.539,213.33,0
SARS-CoV2 nsp15,D0VWR5,D0VWR9,0.564729409,0.02,10.349,23.33,0
SARS-CoV2 nsp15,D0VWR5,P0A387,0.588551292,0.06,10.773,70,0
SARS-CoV2 nsp15,D0VWR5,P12238,0.527068886,0.03,11.029,213.33,0
SARS-CoV2 nsp2,O14975,SLC27A2,0.915803486,0.00,4.67,46.67,1
SARS-CoV2 nsp2,O60573,EIF4E2,0.806833749,0.00,10.33,103.33,1
SARS-CoV2 nsp2,P16435,POR,0.710961769,0.00,3.33,33.33,1
SARS-CoV2 nsp2,P52306,RAP1GDS1,0.991635744,0.00,12,120,1
SARS-CoV2 nsp2,Q2M389,WASHC4,0.972115182,0.00,3.67,36.67,1
SARS-CoV2 nsp2,Q5T1M5,FKBP15,0.988056696,0.00,19.67,196.67,1
SARS-CoV2 nsp2,Q6Y7W6,GIGYF2,0.767224555,0.00,40.33,403.33,1
SARS-CoV2 nsp2,A7A232,P25043,0.945760506,0.07,15.927,46.67,0
SARS-CoV2 nsp2,A7A232,P25451,0.901830641,0.06,15.356,103.33,0
SARS-CoV2 nsp2,A7A232,P30656,0.949659842,0.04,18.614,33.33,0
SARS-CoV2 nsp2,A7A232,P30657,0.904927294,0.05,15.529,120,0
SARS-CoV2 nsp2,A7A232,P32379,0.934751689,0.05,18.955,36.67,0
SARS-CoV2 nsp2,A7A232,P38624,0.915104054,0.07,17.818,196.67,0
SARS-CoV2 nsp2,A7A232,P40302,0.913093423,0.02,19.254,403.33,0
SARS-CoV2 nsp2,D0VWR5,P12239,0.462400914,0.07,10.98,46.67,0
SARS-CoV2 nsp2,D0VWR5,P12240,0.430519813,0.05,10.776,103.33,0
SARS-CoV2 nsp2,D0VWR5,P12241,0.595381602,0.03,11.58,33.33,0
SARS-CoV2 nsp2,D0VWR5,P12313,0.477953173,0.03,11.139,120,0
SARS-CoV2 nsp2,D0VWR5,P51765,0.480082771,0.05,10.47,36.67,0
SARS-CoV2 nsp2,D0VWR5,P56152,0.573289289,0.05,11.674,196.67,0
SARS-CoV2 nsp2,D0VWR5,Q7DGD4,0.414276413,0.02,11.891,403.33,0
SARS-CoV2 nsp4,P14735,IDE,0.918031442,0.00,11.33,113.33,1
SARS-CoV2 nsp4,P62072,TIMM10,0.961471982,0.00,5.33,53.33,1
SARS-CoV2 nsp4,Q2TAA5,ALG11,0.72745605,0.00,7,70,1
SARS-CoV2 nsp4,Q8TEM1,NUP210,0.710174697,0.00,6.33,63.33,1
SARS-CoV2 nsp4,Q9BSF4,TIMM29,0.986980311,0.00,7.67,76.67,1
SARS-CoV2 nsp4,Q9NVH1,DNAJC11,0.726866873,0.00,11.33,113.33,1
SARS-CoV2 nsp4,Q9Y5J6,TIMM10B,0.985104055,0.00,3,30,1
SARS-CoV2 nsp4,Q9Y5J7,TIMM9,0.913806284,0.00,4,40,1
SARS-CoV2 nsp4,A7A232,P40303,0.939743496,0.03,17.8,113.33,0
SARS-CoV2 nsp4,A7A232,P43583,0.952236655,0.03,16.653,53.33,0
SARS-CoV2 nsp4,A7J3A1,O37061,0.928144463,0.02,16.811,70,0
SARS-CoV2 nsp4,A7MB62,Q3MHR7,0.954733814,0.03,17.699,63.33,0
SARS-CoV2 nsp4,A7MB62,Q3MHR7,0.972395523,0.05,16.623,76.67,0
SARS-CoV2 nsp4,A7MB62,Q3T035,0.92520611,0.07,16.826,113.33,0
SARS-CoV2 nsp4,A7MB62,Q3T035,0.901300053,0.02,17.823,30,0
SARS-CoV2 nsp4,A7YSZ1,D2AMC8,0.96413931,0.06,18.678,40,0
SARS-CoV2 nsp4,D0VWR6,D0VWR7,0.578690893,0.03,11.232,113.33,0
SARS-CoV2 nsp4,D0VWR6,D0VWR9,0.44291925,0.04,11.78,53.33,0
SARS-CoV2 nsp4,D0VWR6,F5H8P3,0.48452291,0.03,10.113,70,0
SARS-CoV2 nsp4,D0VWR6,P0A387,0.548874059,0.04,10.808,63.33,0
SARS-CoV2 nsp4,D0VWR6,P12239,0.514349072,0.03,11.073,76.67,0
SARS-CoV2 nsp4,D0VWR6,P12240,0.410203299,0.03,11.679,113.33,0
SARS-CoV2 nsp4,D0VWR6,P12241,0.542977195,0.05,10.028,30,0
SARS-CoV2 nsp4,D0VWR6,P12313,0.583805733,0.03,10.489,40,0
SARS-CoV2 nsp5,Q92769,HDAC2,0.993708403,0.01,2,20,1
SARS-CoV2 nsp5,A7ZKI9,B1LI60,0.934917953,0.04,16.098,20,0
SARS-CoV2 nsp5,D0VWR6,P19054,0.477792887,0.04,11.085,20,0
SARS-CoV2 nsp5_C145A,P07203,GPX1,0.97684084,0.00,15.67,156.67,1
SARS-CoV2 nsp5_C145A,Q9NXH9,TRMT1,0.984315505,0.00,7.67,76.67,1
SARS-CoV2 nsp5_C145A,A7ZS99,Q0TCQ9,0.993852942,0.08,15.559,156.67,0
SARS-CoV2 nsp5_C145A,A7ZS99,Q31W77,0.905256206,0.03,16.811,76.67,0
SARS-CoV2 nsp5_C145A,D0VWR6,P51765,0.460627276,0.04,10.596,156.67,0
SARS-CoV2 nsp5_C145A,D0VWR6,P56152,0.439092758,0.06,11.548,76.67,0
SARS-CoV2 nsp6,O75964,ATP5MG,0.717265558,0.00,6.67,66.67,1
SARS-CoV2 nsp6,Q15904,ATP6AP1,0.989106922,0.00,5,50,1
SARS-CoV2 nsp6,Q99720,SIGMAR1,0.842213253,0.00,5,50,1
SARS-CoV2 nsp6,Q9H7F0,ATP13A3,0.805525853,0.00,5.67,56.67,1
SARS-CoV2 nsp6,A7ZSB8,B2PBH3,0.952340685,0.08,18.555,66.67,0
SARS-CoV2 nsp6,A8A0Z2,P64488,0.974394221,0.08,17.512,50,0
SARS-CoV2 nsp6,A8CDU0,P01738,0.914029556,0.07,19.753,50,0
SARS-CoV2 nsp6,A8CDU0,P04213,0.957051364,0.04,18.02,56.67,0
SARS-CoV2 nsp6,D0VWR6,Q7DGD4,0.552092542,0.05,11.522,66.67,0
SARS-CoV2 nsp6,D0VWR7,D0VWR9,0.545059729,0.05,10.316,50,0
SARS-CoV2 nsp6,D0VWR7,P12238,0.466068593,0.02,11.013,50,0
SARS-CoV2 nsp6,D0VWR7,P12239,0.553101959,0.03,10.282,56.67,0
SARS-CoV2 nsp7,O00116,AGPS,0.826490325,0.00,7.67,76.67,1
SARS-CoV2 nsp7,O43169,CYB5B,0.80351019,0.00,3.33,33.33,1
SARS-CoV2 nsp7,O95573,ACSL3,0.897068932,0.00,4.33,43.33,1
SARS-CoV2 nsp7,P00387,CYB5R3,0.956349351,0.00,7.33,73.33,1
SARS-CoV2 nsp7,P11233,RALA,0.750366485,0.00,2.33,23.33,1
SARS-CoV2 nsp7,P21964,COMT,0.745231765,0.04,2,20,1
SARS-CoV2 nsp7,P51148,RAB5C,0.87908593,0.00,8,80,1
SARS-CoV2 nsp7,P51149,RAB7A,0.972724229,0.00,10.67,106.67,1
SARS-CoV2 nsp7,P61006,RAB8A,0.895744596,0.05,2.33,23.33,1
SARS-CoV2 nsp7,P61019,RAB2A,0.97919572,0.05,2,20,1
SARS-CoV2 nsp7,P61026,RAB10,0.981443071,0.00,3,30,1
SARS-CoV2 nsp7,P61106,RAB14,0.750712826,0.00,6.67,66.67,1
SARS-CoV2 nsp7,P61586,RHOA,0.829029399,0.05,2,20,1
SARS-CoV2 nsp7,P62820,RAB1A,0.935289593,0.00,4,40,1
SARS-CoV2 nsp7,P62873,GNB1,0.839532136,0.00,2.67,26.67,1
SARS-CoV2 nsp7,P63218,GNG5,0.817631566,0.05,2,20,1
SARS-CoV2 nsp7,Q12907,LMAN2,0.725773983,0.00,7,70,1
SARS-CoV2 nsp7,Q13724,MOGS,0.782330987,0.00,27.67,276.67,1
SARS-CoV2 nsp7,Q5JTV8,TOR1AIP1,0.74516805,0.05,2,20,1
SARS-CoV2 nsp7,Q5VT66,MTARC1,0.939721024,0.00,6.33,63.33,1
SARS-CoV2 nsp7,Q6ZRP7,QSOX2,0.794325146,0.03,4.33,43.33,1
SARS-CoV2 nsp7,Q7LGA3,HS2ST1,0.706466834,0.00,5,50,1
SARS-CoV2 nsp7,Q8N183,NDUFAF2,0.981444858,0.00,3,30,1
SARS-CoV2 nsp7,Q8NBX0,SCCPDH,0.978675119,0.00,2.33,23.33,1
SARS-CoV2 nsp7,Q8WTV0,SCARB1,0.854406247,0.03,2.67,26.67,1
SARS-CoV2 nsp7,Q8WUY8,NAT14,0.720285746,0.00,4.33,43.33,1
SARS-CoV2 nsp7,Q8WVC6,DCAKD,0.862452335,0.00,9,90,1
SARS-CoV2 nsp7,Q96A26,FAM162A,0.748773582,0.00,11,110,1
SARS-CoV2 nsp7,Q96DA6,DNAJC19,0.981450126,0.00,3,30,1
SARS-CoV2 nsp7,Q9BQE4,SELENOS,0.701764404,0.00,3.33,33.33,1
SARS-CoV2 nsp7,Q9H7Z7,PTGES2,0.764538331,0.00,6,60,1
SARS-CoV2 nsp7,Q9NP72,RAB18,0.756605088,0.05,2,20,1
SARS-CoV2 nsp7,A8K5J8,Q53HU9,0.914188365,0.03,16.56,76.67,0
SARS-CoV2 nsp7,A8KWB0,B7CL66,0.980214303,0.06,17.265,33.33,0
SARS-CoV2 nsp7,A8KWB0,C4AU14,0.915769902,0.05,16.757,43.33,0
SARS-CoV2 nsp7,A8KWB0,Q3JP15,0.910897755,0.06,17.194,73.33,0
SARS-CoV2 nsp7,A8MUD0,O15533,0.927288633,0.06,16.104,23.33,0
SARS-CoV2 nsp7,A8NN31,Q15843,0.930148676,0.04,19.521,20,0
SARS-CoV2 nsp7,A8T655,P01130,0.940136603,0.05,19.05,80,0
SARS-CoV2 nsp7,A9HTI6,Q15788,0.969388549,0.05,18.7,106.67,0
SARS-CoV2 nsp7,A9JJF6,P01738,0.922646658,0.07,18.412,23.33,0
SARS-CoV2 nsp7,A9N7T8,E7V2G6,0.901840285,0.05,19.612,20,0
SARS-CoV2 nsp7,A9N7T8,P22524,0.908842561,0.08,17.591,30,0
SARS-CoV2 nsp7,A9Z7A5,Q8ZAX1,0.919536438,0.08,18.882,66.67,0
SARS-CoV2 nsp7,B0CM87,P05230,0.988092064,0.03,19.255,20,0
SARS-CoV2 nsp7,B0I344,B1Q037,0.907074159,0.05,17.249,40,0
SARS-CoV2 nsp7,B0I344,B5WZR5,0.946422391,0.05,17.272,26.67,0
SARS-CoV2 nsp7,B0I344,O80066,0.996372302,0.03,18.134,20,0
SARS-CoV2 nsp7,B0QCI5,C3NZR3,0.96091038,0.02,17.903,70,0
SARS-CoV2 nsp7,B0QYP2,O95931,0.924091481,0.06,19.074,276.67,0
SARS-CoV2 nsp7,B0RZ82,Q9UKL0,0.998074205,0.05,19.196,20,0
SARS-CoV2 nsp7,B0UXW4,P00751,0.965336883,0.05,17.46,63.33,0
SARS-CoV2 nsp7,B1HAW5,Q63R49,0.912432056,0.02,15.255,43.33,0
SARS-CoV2 nsp7,B1Q037,O50603,0.90301602,0.09,16.654,50,0
SARS-CoV2 nsp7,B1XC34,P0AEX9,0.956994766,0.09,17.556,30,0
SARS-CoV2 nsp7,B1XE84,P69910,0.940452758,0.05,16.376,23.33,0
SARS-CoV2 nsp7,B1XHJ8,P0A6L4,0.980055275,0.02,19.167,26.67,0
SARS-CoV2 nsp7,B2LYR2,P20963,0.971656872,0.05,19.244,43.33,0
SARS-CoV2 nsp7,B2LYR2,P31818,0.991608177,0.03,19.84,90,0
SARS-CoV2 nsp7,B2NAN0,B3XI15,0.926932667,0.08,16.636,110,0
SARS-CoV2 nsp7,B2P6Y0,B3BZ18,0.928773057,0.05,16.821,30,0
SARS-CoV2 nsp7,B2P6Y0,E0MCN1,0.941377481,0.07,18.439,33.33,0
SARS-CoV2 nsp7,B2P6Y0,P03732,0.923728547,0.03,19.952,60,0
SARS-CoV2 nsp7,B2P6Y0,Q8X5E5,0.924288734,0.08,18.457,20,0
SARS-CoV2 nsp7,D0VWR8,F5H8P3,0.557911854,0.06,10.458,76.67,0
SARS-CoV2 nsp7,D0VWR8,P12240,0.585732802,0.07,10.179,33.33,0
SARS-CoV2 nsp7,D0VWR8,P19054,0.531038474,0.02,11.5,43.33,0
SARS-CoV2 nsp7,D0VWR9,F5H8P3,0.539043974,0.02,10.549,73.33,0
SARS-CoV2 nsp7,D0VWR9,P0A387,0.433091418,0.03,11.306,23.33,0
SARS-CoV2 nsp7,D0VWR9,P12238,0.415830465,0.03,10.076,20,0
SARS-CoV2 nsp7,D0VWR9,P12239,0.45815941,0.04,10.445,80,0
SARS-CoV2 nsp7,D0VWR9,P12240,0.431600039,0.03,11.228,106.67,0
SARS-CoV2 nsp7,D0VWR9,P19054,0.454835702,0.07,11.591,23.33,0
SARS-CoV2 nsp7,D0VWR9,P56152,0.479821371,0.07,10.904,20,0
SARS-CoV2 nsp7,D0VWR9,Q7DGD4,0.522236446,0.06,11.677,30,0
SARS-CoV2 nsp7,D0VWY9,Q13885,0.496164343,0.08,10.418,66.67,0
SARS-CoV2 nsp7,D0VWY9,Q7TMM9,0.489136255,0.07,11.721,20,0
SARS-CoV2 nsp7,D0VWZ0,D2HWS0,0.537867464,0.02,10.258,40,0
SARS-CoV2 nsp7,D0VWZ0,P68369,0.401929031,0.08,10.545,26.67,0
SARS-CoV2 nsp7,D0VWZ0,Q71U36,0.508356208,0.03,10.666,20,0
SARS-CoV2 nsp7,D0VX26,D0VX29,0.525358944,0.05,11.11,70,0
SARS-CoV2 nsp7,D0VX27,D0VX28,0.555054718,0.09,10.401,276.67,0
SARS-CoV2 nsp7,D0VX27,D0VX29,0.566451401,0.03,11.524,20,0
SARS-CoV2 nsp7,D0VX27,D0VX30,0.545136256,0.08,10.697,63.33,0
SARS-CoV2 nsp7,D0VX27,D0VX32,0.548416441,0.08,10.67,43.33,0
SARS-CoV2 nsp7,D0VX27,P18946,0.574310119,0.02,2.33,50,0
SARS-CoV2 nsp7,D0VX27,Q4GWR4,0.478028235,0.04,3,30,0
SARS-CoV2 nsp7,D0VX27,Q7GTU5,0.511616443,0.07,4.67,23.33,0
SARS-CoV2 nsp7,D0VX28,D0VX29,0.447023378,0.07,4.33,26.67,0
SARS-CoV2 nsp7,D0VX28,D0VX30,0.5481458,0.09,2.33,43.33,0
SARS-CoV2 nsp7,D0VX28,D0VX31,0.558599556,0.05,13,90,0
SARS-CoV2 nsp7,D0VX28,P18946,0.484108878,0.05,7.33,110,0
SARS-CoV2 nsp7,D0VX28,Q4GWR4,0.448486174,0.05,7,30,0
SARS-CoV2 nsp7,D0VX28,Q5ZLR5,0.539229771,0.04,2.33,33.33,0
SARS-CoV2 nsp7,D0VX28,Q7GTU5,0.49259874,0.04,54.67,60,0
SARS-CoV2 nsp7,D0VX29,D0VX32,0.5503423,0.06,10,20,0
SARS-CoV2 nsp8,O00566,MPHOSPH10,0.728559172,0.03,2.67,26.67,1
SARS-CoV2 nsp8,O76094,SRP72,0.739540656,0.00,33.67,336.67,1
SARS-CoV2 nsp8,O95260,ATE1,0.804292637,0.00,8.33,83.33,1
SARS-CoV2 nsp8,O96028,NSD2,0.864651959,0.05,2,20,1
SARS-CoV2 nsp8,P09132,SRP19,0.832502372,0.00,12,120,1
SARS-CoV2 nsp8,P61011,SRP54,0.755584148,0.00,4,40,1
SARS-CoV2 nsp8,P82663,MRPS25,0.826437119,0.00,4.67,46.67,1
SARS-CoV2 nsp8,Q13206,DDX10,0.755753594,0.00,5.67,56.67,1
SARS-CoV2 nsp8,Q4G0J3,LARP7,0.812479682,0.00,12.67,126.67,1
SARS-CoV2 nsp8,Q7L2J0,MEPCE,0.790978117,0.00,10.33,103.33,1
SARS-CoV2 nsp8,Q8NEJ9,NGDN,0.71407894,0.00,3.67,36.67,1
SARS-CoV2 nsp8,Q96B26,EXOSC8,0.990898225,0.00,3.67,36.67,1
SARS-CoV2 nsp8,Q96I59,NARS2,0.78185035,0.00,5.33,53.33,1
SARS-CoV2 nsp8,Q9BSC4,NOL10,0.807819511,0.00,8.33,83.33,1
SARS-CoV2 nsp8,Q9H6F5,CCDC86,0.736803661,0.00,4.33,43.33,1
SARS-CoV2 nsp8,Q9HD40,SEPSECS,0.809559247,0.00,4.33,43.33,1
SARS-CoV2 nsp8,Q9NQT4,EXOSC5,0.704291901,0.00,3.67,36.67,1
SARS-CoV2 nsp8,Q9NQT5,EXOSC3,0.774797319,0.00,6.33,63.33,1
SARS-CoV2 nsp8,Q9NY61,AATF,0.783703681,0.00,11.67,116.67,1
SARS-CoV2 nsp8,Q9ULT8,HECTD1,0.885504785,0.00,5.33,53.33,1
SARS-CoV2 nsp8,Q9Y399,MRPS2,0.972057569,0.05,2,20,1
SARS-CoV2 nsp8,P82675,MRPS5,0.63637328,0.04,2.33,23.33,1
SARS-CoV2 nsp8,Q13868,EXOSC2,0.672587659,0.00,5.67,56.67,1
SARS-CoV2 nsp8,Q92552,MRPS27,0.602806863,0.00,3.33,33.33,1
SARS-CoV2 nsp8,B2P8S8,E7TNA1,0.951047036,0.04,15.111,26.67,0
SARS-CoV2 nsp8,B2PF52,P0A772,0.986419441,0.05,18.647,336.67,0
SARS-CoV2 nsp8,B2PI34,Q8X655,0.914257774,0.05,17.147,83.33,0
SARS-CoV2 nsp8,B2PSJ2,B3WNF0,0.99077482,0.05,16.228,20,0
SARS-CoV2 nsp8,B2RWL8,P01849,0.960850475,0.07,19.423,120,0
SARS-CoV2 nsp8,B3BIJ3,B3BZ18,0.94002991,0.05,15.143,40,0
SARS-CoV2 nsp8,B3BIJ3,B3IGB9,0.995014565,0.06,19.084,46.67,0
SARS-CoV2 nsp8,B3BIJ3,E0MCN1,0.985446468,0.03,18.043,56.67,0
SARS-CoV2 nsp8,B3BZ18,B3IGB9,0.957541405,0.04,16.195,126.67,0
SARS-CoV2 nsp8,B3BZ18,P03732,0.984022812,0.05,17.002,103.33,0
SARS-CoV2 nsp8,B3HBV6,P0A6F3,0.947594395,0.03,18.943,36.67,0
SARS-CoV2 nsp8,B3HC25,P69924,0.93942422,0.07,19.507,36.67,0
SARS-CoV2 nsp8,B3HYN4,P0A6L4,0.988165015,0.08,16.262,53.33,0
SARS-CoV2 nsp8,B3ICA7,P0A6F1,0.960393035,0.09,15.377,83.33,0
SARS-CoV2 nsp8,B3IGB9,E0MCN1,0.917994189,0.08,19.704,43.33,0
SARS-CoV2 nsp8,B3IGB9,P03732,0.972432243,0.03,15.431,43.33,0
SARS-CoV2 nsp8,B3IGB9,Q8X5E5,0.953058027,0.03,17.919,36.67,0
SARS-CoV2 nsp8,B3IGM7,P55089,0.985848296,0.05,15.152,63.33,0
SARS-CoV2 nsp8,B3LDA6,Q9NG97,0.963755447,0.05,19.48,116.67,0
SARS-CoV2 nsp8,B3LJS5,Q6WNK7,0.949115845,0.07,16.985,53.33,0
SARS-CoV2 nsp8,B3LNM9,E7QB62,0.902301289,0.08,18.101,20,0
SARS-CoV2 nsp8,B3LNM9,E9PAG7,0.915952451,0.05,18.159,23.33,0
SARS-CoV2 nsp8,B3LNP9,P28241,0.954757617,0.02,15.227,56.67,0
SARS-CoV2 nsp8,B3NZ75,Q24117,0.948315829,0.08,18.539,33.33,0
SARS-CoV2 nsp8,D0VX29,P18946,0.480423168,0.04,8.67,26.67,0
SARS-CoV2 nsp8,D0VX29,Q4GWR4,0.585963892,0.07,3.67,336.67,0
SARS-CoV2 nsp8,D0VX29,Q7GTU5,0.598968879,0.03,6.67,83.33,0
SARS-CoV2 nsp8,D0VX30,Q5ZLR5,0.49499265,0.08,5.67,20,0
SARS-CoV2 nsp8,D1NID1,P71143,0.495991158,0.05,3.33,120,0
SARS-CoV2 nsp8,D2HWS0,Q13885,0.407991895,0.02,35.33,40,0
SARS-CoV2 nsp8,D3FLM4,Q9PIM2,0.406110427,0.03,36.67,46.67,0
SARS-CoV2 nsp8,D3FPA5,Q9PM40,0.529877705,0.08,10,56.67,0
SARS-CoV2 nsp8,D3GUH3,P77499,0.521573154,0.06,6.33,126.67,0
SARS-CoV2 nsp8,D3GXV8,Q0T065,0.402468279,0.00,2,103.33,0
SARS-CoV2 nsp8,D3KFX4,Q71AW2,0.59877892,0.00,6,36.67,0
SARS-CoV2 nsp8,D3QW34,E7UAZ0,0.516718814,0.00,3.33,36.67,0
SARS-CoV2 nsp8,D3Z0V2,Q9WV48,0.467496966,0.03,3.33,53.33,0
SARS-CoV2 nsp8,D4RTZ8,Q54944,0.442357629,0.00,4.67,83.33,0
SARS-CoV2 nsp8,D4RTZ8,Q57231,0.443940246,0.00,4,43.33,0
SARS-CoV2 nsp8,D5XUM4,D5YRR7,0.464464957,0.00,7.33,43.33,0
SARS-CoV2 nsp8,D5XUM4,D6FCP8,0.548795947,0.00,43,36.67,0
SARS-CoV2 nsp8,D5XUM4,D7ESJ2,0.454454414,0.00,5.67,63.33,0
SARS-CoV2 nsp8,D5XUM4,E2TAM5,0.542151071,0.00,4.67,116.67,0
SARS-CoV2 nsp8,D5XUM4,O33245,0.43282294,0.00,14.67,53.33,0
SARS-CoV2 nsp8,D5Y8K8,D5YWM7,0.5691056,0.00,3,20,0
SARS-CoV2 nsp8,D5YI18,D5YUF7,0.451488955,0.01,2.67,23.33,0
SARS-CoV2 nsp8,D5YI18,P0A4Z6,0.435242762,0.05,2.67,56.67,0
SARS-CoV2 nsp8,D5YRR7,D5Z4X9,0.476697808,0.05,15,33.33,0
SARS-CoV2 nsp9,P13984,GTF2F2,0.877426938,0.00,14,140,1
SARS-CoV2 nsp9,P35555,FBN1,0.992372395,0.00,15.33,153.33,1
SARS-CoV2 nsp9,P35556,FBN2,0.991012329,0.00,83,830,1
SARS-CoV2 nsp9,P35658,NUP214,0.962233264,0.00,8.33,83.33,1
SARS-CoV2 nsp9,P37198,NUP62,0.993010451,0.00,18,180,1
SARS-CoV2 nsp9,P61962,DCAF7,0.969234024,0.00,16,160,1
SARS-CoV2 nsp9,Q15056,EIF4H,0.86901939,0.00,6,60,1
SARS-CoV2 nsp9,Q7Z3B4,NUP54,0.991624822,0.00,21.33,213.33,1
SARS-CoV2 nsp9,Q86YT6,MIB1,0.89782233,0.00,15,150,1
SARS-CoV2 nsp9,Q8N0X7,SPART,0.962964129,0.00,13.67,136.67,1
SARS-CoV2 nsp9,Q8TD19,NEK9,0.991972865,0.00,39,390,1
SARS-CoV2 nsp9,Q96F45,ZNF503,0.777581447,0.00,34,93.5,1
SARS-CoV2 nsp9,Q99567,NUP88,0.92724312,0.00,3.67,36.67,1
SARS-CoV2 nsp9,Q9BVL2,NUP58,0.979586223,0.00,12,120,1
SARS-CoV2 nsp9,Q9NZL9,MAT2B,0.978282655,0.00,4.33,43.33,1
SARS-CoV2 nsp9,Q9UBX5,FBLN5,0.992002193,0.01,2,20,1
SARS-CoV2 nsp9,B3X1J2,Q31U64,0.90425582,0.09,15.284,140,0
SARS-CoV2 nsp9,B3X2L0,P62552,0.942738923,0.08,19.382,153.33,0
SARS-CoV2 nsp9,B3X519,P0A6L4,0.995152727,0.06,18.321,830,0
SARS-CoV2 nsp9,B3ZED8,C2UKQ0,0.927463665,0.05,19.858,83.33,0
SARS-CoV2 nsp9,B4AC35,B5P9N9,0.983539972,0.04,19.889,180,0
SARS-CoV2 nsp9,B4AC35,Q9L9I0,0.925101976,0.04,17.354,160,0
SARS-CoV2 nsp9,B4AQU0,C6YVW8,0.974826431,0.02,16.797,60,0
SARS-CoV2 nsp9,B4AQU0,Q5NH47,0.940799402,0.08,18.811,213.33,0
SARS-CoV2 nsp9,B4DDT3,P25116,0.95572232,0.08,16.999,150,0
SARS-CoV2 nsp9,B4DDT3,Q71U07,0.931526871,0.09,15.842,136.67,0
SARS-CoV2 nsp9,B4DEZ9,P01130,0.995338127,0.04,17.388,390,0
SARS-CoV2 nsp9,B4DG64,B7ZA36,0.923843892,0.04,19.362,93.5,0
SARS-CoV2 nsp9,B4DG64,P61258,0.96910106,0.04,19.838,36.67,0
SARS-CoV2 nsp9,B4DJX1,P10515,0.943436858,0.03,17.916,120,0
SARS-CoV2 nsp9,B4E216,P00746,0.97390564,0.02,17.668,43.33,0
SARS-CoV2 nsp9,B4WII1,P0A387,0.937360063,0.08,16.822,20,0
SARS-CoV2 nsp9,D5YRR7,D6FCP8,0.481672012,0.00,8.33,140,0
SARS-CoV2 nsp9,D5YRR7,E2TAM5,0.411209964,0.00,2.67,153.33,0
SARS-CoV2 nsp9,D5Z4X8,O33245,0.475997686,0.00,6.33,830,0
SARS-CoV2 nsp9,D5Z4X9,D6FCP8,0.487945195,0.00,14.33,83.33,0
SARS-CoV2 nsp9,D5Z4X9,D7ESJ2,0.432078091,0.05,8,180,0
SARS-CoV2 nsp9,D5Z4X9,E2TAM5,0.451416528,0.00,15.33,160,0
SARS-CoV2 nsp9,D5Z4X9,O33245,0.56285502,0.00,11.33,60,0
SARS-CoV2 nsp9,D6FCP8,D7ESJ2,0.594595118,0.00,2,213.33,0
SARS-CoV2 nsp9,D6FCP8,E2TAM5,0.473876485,0.00,9,150,0
SARS-CoV2 nsp9,D6FCP8,O33244,0.519480111,0.00,9.33,136.67,0
SARS-CoV2 nsp9,D6FCP8,O33245,0.560838498,0.05,9.67,390,0
SARS-CoV2 nsp9,D6FYS8,P0A4Z6,0.485353623,0.05,7.67,93.5,0
SARS-CoV2 nsp9,D7ESJ2,E2TAM5,0.536415652,0.05,4.33,36.67,0
SARS-CoV2 nsp9,D7X6D2,D7ZES3,0.581558261,0.00,36,120,0
SARS-CoV2 nsp9,D7X6D2,E1HKJ5,0.409025085,0.00,8,43.33,0
SARS-CoV2 nsp9,D7ZES3,D8B900,0.580978573,0.00,2,20,0
SARS-CoV2 orf10,P50897,PPT1,0.777920681,0.00,6,60,1
SARS-CoV2 orf10,Q13617,CUL2,0.818290141,0.00,12.33,123.33,1
SARS-CoV2 orf10,Q3KQU3,MAP7D1,0.814143575,0.00,7.67,76.67,1
SARS-CoV2 orf10,Q9BU02,THTPA,0.927363101,0.00,2.67,26.67,1
SARS-CoV2 orf10,Q9C0D3,ZYG11B,0.85402934,0.00,27,270,1
SARS-CoV2 orf10,Q9Y5J9,TIMM8B,0.752997484,0.00,2.33,23.33,1
SARS-CoV2 orf10,P62877,RBX1,0.63921796,0.05,2,20,1
SARS-CoV2 orf10,Q15369,ELOC,0.618948613,0.00,7.33,73.33,1
SARS-CoV2 orf10,Q15370,ELOB,0.655233005,0.00,4,40,1
SARS-CoV2 orf10,B4WII1,P51765,0.951753274,0.02,19.874,60,0
SARS-CoV2 orf10,B4WII1,Q8DIN9,0.939915366,0.09,16.094,123.33,0
SARS-CoV2 orf10,B4WII1,Q8DIP0,0.956323298,0.08,19.795,76.67,0
SARS-CoV2 orf10,B4WII1,Q8DIQ1,0.930540225,0.04,16.272,26.67,0
SARS-CoV2 orf10,B4WII1,Q9F1K9,0.913551269,0.05,18.971,270,0
SARS-CoV2 orf10,B5G4J1,P62158,0.992789558,0.02,17.715,23.33,0
SARS-CoV2 orf10,B5G4J1,Q13936,0.940932752,0.08,18.968,20,0
SARS-CoV2 orf10,B5G4J1,Q4SPI3,0.962050594,0.05,16.683,73.33,0
SARS-CoV2 orf10,B5G4J1,Q810C8,0.995653896,0.04,16.86,40,0
SARS-CoV2 orf10,D8AMG8,P76077,0.429730765,0.00,2,60,0
SARS-CoV2 orf10,D8B900,E8HL01,0.516066342,0.00,5,123.33,0
SARS-CoV2 orf10,D8EA14,P23874,0.508373201,0.00,17.33,76.67,0
SARS-CoV2 orf10,E1C9K6,E1C9K7,0.534597031,0.00,6.33,26.67,0
SARS-CoV2 orf10,E1C9K6,E1C9K9,0.491375941,0.00,6,270,0
SARS-CoV2 orf10,E1C9K6,E1C9L0,0.590723054,0.00,4.33,23.33,0
SARS-CoV2 orf10,E1C9K6,E1C9L1,0.552294815,0.00,181,20,0
SARS-CoV2 orf10,E1C9K6,E1C9L2,0.482873287,0.00,2,73.33,0
SARS-CoV2 orf10,E1C9K6,E1C9L3,0.519348134,0.00,20,40,0
SARS-CoV2 orf3a,P09601,HMOX1,0.993596312,0.00,12.33,123.33,1
SARS-CoV2 orf3a,Q8IWR1,TRIM59,0.979280399,0.00,3.67,36.67,1
SARS-CoV2 orf3a,Q8N6S5,ARL6IP6,0.865135022,0.00,4.67,46.67,1
SARS-CoV2 orf3a,Q96JC1,VPS39,0.878755935,0.00,13.33,133.33,1
SARS-CoV2 orf3a,Q96S66,CLCC1,0.920620901,0.00,20.33,203.33,1
SARS-CoV2 orf3a,Q9H270,VPS11,0.967855711,0.00,4.33,43.33,1
SARS-CoV2 orf3a,Q9UH99,SUN2,0.880019941,0.00,11,110,1
SARS-CoV2 orf3a,Q9Y673,ALG5,0.860324884,0.00,8,80,1
SARS-CoV2 orf3a,B5MSH1,B5NVW9,0.953041075,0.08,17.933,123.33,0
SARS-CoV2 orf3a,B5NVW9,B5P8J3,0.962073837,0.04,17.312,36.67,0
SARS-CoV2 orf3a,B5P9N9,C0Q2T4,0.938972947,0.08,16.738,46.67,0
SARS-CoV2 orf3a,B5VI19,P21242,0.98137879,0.08,17.606,133.33,0
SARS-CoV2 orf3a,B5VI19,P21243,0.922121305,0.03,19.526,203.33,0
SARS-CoV2 orf3a,B5VI19,P22141,0.965533068,0.05,18.517,43.33,0
SARS-CoV2 orf3a,B5VI19,P23638,0.967378216,0.07,18.542,110,0
SARS-CoV2 orf3a,B5VI19,P23639,0.998632735,0.07,18.741,80,0
SARS-CoV2 orf3a,E1C9K6,P17227,0.504291218,0.00,5.33,123.33,0
SARS-CoV2 orf3a,E1C9K6,P20120,0.569879233,0.00,6.67,36.67,0
SARS-CoV2 orf3a,E1C9K6,Q32904,0.441729787,0.00,7,46.67,0
SARS-CoV2 orf3a,E1C9K6,Q41038,0.401486291,0.00,20,133.33,0
SARS-CoV2 orf3a,E1C9K6,Q9SQL2,0.474764849,0.00,4.33,203.33,0
SARS-CoV2 orf3a,E1C9K7,E1C9K8,0.474826191,0.00,18,43.33,0
SARS-CoV2 orf3a,E1C9K7,E1C9K9,0.496042755,0.00,2.33,110,0
SARS-CoV2 orf3a,E1C9K7,E1C9L0,0.416460148,0.00,85,80,0
SARS-CoV2 orf3b,Q9UJZ1,STOML2,0.929039041,0.00,8,80,1
SARS-CoV2 orf3b,B5VI19,P23724,0.955255117,0.04,18.56,80,0
SARS-CoV2 orf3b,E1C9K7,E1C9L1,0.494494985,0.00,2,80,0
SARS-CoV2 orf6,P52948,NUP98,0.903566335,0.00,8,80,1
SARS-CoV2 orf6,P78406,RAE1,0.963218346,0.00,20.33,203.33,1
SARS-CoV2 orf6,Q9NZJ7,MTCH1,0.851173737,0.05,2,20,1
SARS-CoV2 orf6,B5VI19,P25043,0.941430406,0.03,18.865,80,0
SARS-CoV2 orf6,B5VI19,P25451,0.91800943,0.06,16.325,203.33,0
SARS-CoV2 orf6,B5VI19,P30656,0.95584923,0.06,18.039,20,0
SARS-CoV2 orf6,E1C9K7,E1C9L2,0.587673943,0.00,4.67,80,0
SARS-CoV2 orf6,E1C9K7,E1C9L3,0.468975126,0.00,2,203.33,0
SARS-CoV2 orf6,E1C9K7,P05310,0.527813657,0.05,2.33,20,0
SARS-CoV2 orf7a,Q7Z4Q2,HEATR3,0.789988379,0.00,3.67,36.67,1
SARS-CoV2 orf7a,Q9NU22,MDN1,0.981108579,0.00,7.67,76.67,1
SARS-CoV2 orf7a,B5VI19,P30657,0.97919788,0.08,17.891,36.67,0
SARS-CoV2 orf7a,B5VI19,P32379,0.943016289,0.07,15.654,76.67,0
SARS-CoV2 orf7a,E1C9K7,P05311,0.519095979,0.00,4,36.67,0
SARS-CoV2 orf7a,E1C9K7,P10793,0.42696206,0.00,2,76.67,0
SARS-CoV2 orf8,O00469,PLOD2,0.992483418,0.00,13.67,136.67,1
SARS-CoV2 orf8,O14656,TOR1A,0.879789245,0.04,2,20,1
SARS-CoV2 orf8,O76061,STC2,0.979920785,0.00,4.67,46.67,1
SARS-CoV2 orf8,P00750,PLAT,0.973718932,0.05,2,20,1
SARS-CoV2 orf8,P05556,ITGB1,0.817711683,0.04,2.33,23.33,1
SARS-CoV2 orf8,P0C7P0,CISD3,0.760326153,0.00,4,40,1
SARS-CoV2 orf8,P12109,COL6A1,0.977300006,0.05,2,20,1
SARS-CoV2 orf8,P15151,PVR,0.991893926,0.00,4,40,1
SARS-CoV2 orf8,P26358,DNMT1,0.795844505,0.00,8,80,1
SARS-CoV2 orf8,P28300,LOX,0.985331119,0.00,2.67,26.67,1
SARS-CoV2 orf8,P29122,PCSK6,0.721790867,0.00,3.67,36.67,1
SARS-CoV2 orf8,P58166,INHBE,0.993645979,0.00,6,60,1
SARS-CoV2 orf8,P61916,NPC2,0.978204196,0.00,3.67,36.67,1
SARS-CoV2 orf8,Q08431,MFGE8,0.743312102,0.00,2.67,26.67,1
SARS-CoV2 orf8,Q13438,OS9,0.931530938,0.00,3.33,33.33,1
SARS-CoV2 orf8,Q15818,NPTX1,0.984056824,0.00,2.67,26.67,1
SARS-CoV2 orf8,Q6UW63,POGLUT2,0.95793072,0.03,3,30,1
SARS-CoV2 orf8,Q7Z4H8,POGLUT3,0.932470503,0.00,4.33,43.33,1
SARS-CoV2 orf8,Q86YB8,ERO1B,0.991893438,0.00,4,40,1
SARS-CoV2 orf8,Q8IV08,PLD3,0.722502016,0.00,3,30,1
SARS-CoV2 orf8,Q8IWF2,FOXRED2,0.977300463,0.05,2,20,1
SARS-CoV2 orf8,Q8IZ52,CHPF,0.989068101,0.00,5.67,56.67,1
SARS-CoV2 orf8,Q8N0Z8,PUSL1,0.72751463,0.00,3,30,1
SARS-CoV2 orf8,Q8N766,EMC1,0.723777507,0.00,3,30,1
SARS-CoV2 orf8,Q92820,GGH,0.877155555,0.00,4,40,1
SARS-CoV2 orf8,Q96DZ1,ERLEC1,0.732723909,0.00,11,110,1
SARS-CoV2 orf8,Q96F46,IL17RA,0.80084048,0.00,2.33,23.33,1
SARS-CoV2 orf8,Q96IV0,NGLY1,0.993220351,0.00,3.67,36.67,1
SARS-CoV2 orf8,Q96MM7,HS6ST2,0.806104461,0.05,2.33,23.33,1
SARS-CoV2 orf8,Q99470,SDF2,0.826107348,0.00,4.67,46.67,1
SARS-CoV2 orf8,Q99519,NEU1,0.991561179,0.00,4.33,43.33,1
SARS-CoV2 orf8,Q99988,GDF15,0.985884183,0.00,5,50,1
SARS-CoV2 orf8,Q9BRN9,TM2D3,0.966748836,0.03,2.67,26.67,1
SARS-CoV2 orf8,Q9BS26,ERP44,0.706328526,0.00,15.67,156.67,1
SARS-CoV2 orf8,Q9BZQ6,EDEM3,0.81834398,0.00,3,30,1
SARS-CoV2 orf8,Q9H173,SIL1,0.967517561,0.00,5,50,1
SARS-CoV2 orf8,Q9H488,POFUT1,0.879682645,0.03,3,30,1
SARS-CoV2 orf8,Q9H4F8,SMOC1,0.972857922,0.04,2.33,23.33,1
SARS-CoV2 orf8,Q9H8W4,PLEKHF2,0.98324168,0.00,2.33,23.33,1
SARS-CoV2 orf8,Q9NXK8,FBXL12,0.824465649,0.00,4.67,46.67,1
SARS-CoV2 orf8,Q9NYU1,UGGT2,0.844600144,0.03,3,30,1
SARS-CoV2 orf8,Q9P2E5,CHPF2,0.703620586,0.00,5,50,1
SARS-CoV2 orf8,Q9UHI8,ADAMTS1,0.96066367,0.05,2,20,1
SARS-CoV2 orf8,Q9Y4L1,HYOU1,0.77235306,0.00,23.33,233.33,1
SARS-CoV2 orf8,Q9Y680,FKBP7,0.988134523,0.00,7.33,73.33,1
SARS-CoV2 orf8,Q13443,ADAM9,0.669574426,0.05,2,20,1
SARS-CoV2 orf8,Q96AY3,FKBP10,0.660192254,0.00,13.33,133.33,1
SARS-CoV2 orf8,B5VI19,P38624,0.921710096,0.03,17.718,136.67,0
SARS-CoV2 orf8,B5VI19,P40302,0.998941647,0.08,15.935,20,0
SARS-CoV2 orf8,B5VI19,P40303,0.959495352,0.04,18.165,46.67,0
SARS-CoV2 orf8,B5VI19,P43583,0.913202974,0.06,18.4,20,0
SARS-CoV2 orf8,B5VJI0,P16861,0.9776755,0.04,18.585,23.33,0
SARS-CoV2 orf8,B5WZR5,O50603,0.925387097,0.02,17.34,40,0
SARS-CoV2 orf8,B5YXG7,E0MCN1,0.994272836,0.04,15.203,20,0
SARS-CoV2 orf8,B5YXG7,P03732,0.964056332,0.06,19.925,40,0
SARS-CoV2 orf8,B5Z8Y5,E1Q1H0,0.911144289,0.03,15.912,80,0
SARS-CoV2 orf8,B6VCY1,Q807P2,0.954448761,0.07,15.083,26.67,0
SARS-CoV2 orf8,B6VCY1,Q9JAD8,0.996553655,0.06,16.301,36.67,0
SARS-CoV2 orf8,B6ZXS7,P0A6L4,0.939166331,0.08,15.783,60,0
SARS-CoV2 orf8,B7CL66,C0XZF8,0.919077874,0.08,15.903,36.67,0
SARS-CoV2 orf8,B7CL66,Q3JP15,0.944174225,0.06,18.504,26.67,0
SARS-CoV2 orf8,B7LHT3,P0A6L4,0.948115857,0.04,16.952,33.33,0
SARS-CoV2 orf8,B7LSM5,P0AEI6,0.988975321,0.07,17.146,26.67,0
SARS-CoV2 orf8,B7M0T7,D7ZES3,0.944900868,0.08,15.37,30,0
SARS-CoV2 orf8,B7MHL3,P0AC25,0.947817889,0.07,18.747,43.33,0
SARS-CoV2 orf8,B7UJB5,E8YBP8,0.949630461,0.06,19.725,40,0
SARS-CoV2 orf8,B7Z7I2,Q15596,0.948622891,0.07,18.728,30,0
SARS-CoV2 orf8,B7Z7I2,Q86YY2,0.939930567,0.05,19.007,20,0
SARS-CoV2 orf8,B7ZA36,P12004,0.936162503,0.05,15.432,56.67,0
SARS-CoV2 orf8,B7ZLY4,P36888,0.930719398,0.08,18.461,30,0
SARS-CoV2 orf8,B8H5L0,Q9A2T0,0.98924507,0.03,19.041,30,0
SARS-CoV2 orf8,B8XCV5,Q75TB2,0.984783304,0.07,15.769,40,0
SARS-CoV2 orf8,B8YB53,B8YB56,0.925374593,0.06,15.443,110,0
SARS-CoV2 orf8,B8YB53,B8YB58,0.94281796,0.06,19.113,23.33,0
SARS-CoV2 orf8,B8YB53,B8YB63,0.934287202,0.07,19.193,36.67,0
SARS-CoV2 orf8,B8YB53,B8YB64,0.976826123,0.05,17.408,23.33,0
SARS-CoV2 orf8,B8YB54,B8YB56,0.963047816,0.06,19.404,46.67,0
SARS-CoV2 orf8,B8YB54,B8YB58,0.968490888,0.05,19.475,43.33,0
SARS-CoV2 orf8,B8YB54,B8YB59,0.913275269,0.07,17.277,50,0
SARS-CoV2 orf8,B8YB54,B8YB62,0.931799536,0.07,16.826,26.67,0
SARS-CoV2 orf8,B8YB54,B8YB63,0.929235191,0.04,18.562,156.67,0
SARS-CoV2 orf8,B8YB54,B8YB64,0.99987458,0.06,19.412,30,0
SARS-CoV2 orf8,B8YB55,B8YB59,0.965555537,0.07,10.525,50,0
SARS-CoV2 orf8,B8YB55,B8YB60,0.963550095,0.06,10.929,30,0
SARS-CoV2 orf8,B8YB55,B8YB65,0.97848835,0.07,11.908,23.33,0
SARS-CoV2 orf8,B8YB56,B8YB57,0.906592876,0.07,10.983,23.33,0
SARS-CoV2 orf8,B8YB56,B8YB58,0.89310916,0.06,10.934,46.67,0
SARS-CoV2 orf8,B8YB56,B8YB59,0.796415039,0.08,11.721,30,0
SARS-CoV2 orf8,B8YB56,B8YB60,0.950342834,0.04,10.628,50,0
SARS-CoV2 orf8,B8YB56,B8YB61,0.985120198,0.05,10.159,20,0
SARS-CoV2 orf8,B8YB56,B8YB65,0.856000835,0.04,10.47,233.33,0
SARS-CoV2 orf8,B8YB56,Q97ZJ9,0.817625601,0.03,11.122,73.33,0
SARS-CoV2 orf8,B8YB56,Q980A3,0.724348569,0.07,11.017,20,0
SARS-CoV2 orf8,B8YB57,B8YB59,0.718398295,0.02,11.673,133.33,0
SARS-CoV2 orf8,E1C9K7,P12355,0.519753337,0.00,4,136.67,0
SARS-CoV2 orf8,E1C9K7,P17227,0.409510848,0.00,8,20,0
SARS-CoV2 orf8,E1C9K7,P20120,0.594284513,0.03,2.67,46.67,0
SARS-CoV2 orf8,E1C9K7,Q32904,0.492650611,0.00,3.67,20,0
SARS-CoV2 orf8,E1C9K7,Q41038,0.557413804,0.00,6,23.33,0
SARS-CoV2 orf8,E1C9K7,Q9SQL2,0.453486279,0.00,3.67,40,0
SARS-CoV2 orf8,E1C9K8,E1C9K9,0.578751336,0.00,2.67,20,0
SARS-CoV2 orf8,E1C9K8,E1C9L0,0.422086296,0.00,3.33,40,0
SARS-CoV2 orf8,E1C9K8,E1C9L2,0.466740465,0.00,2.67,80,0
SARS-CoV2 orf8,E1C9K8,E1C9L3,0.449241172,0.00,3,26.67,0
SARS-CoV2 orf8,E1C9K8,P12355,0.464686393,0.01,4.33,36.67,0
SARS-CoV2 orf8,E1C9K8,P17227,0.592537838,0.00,4,60,0
SARS-CoV2 orf8,E1C9K8,P20120,0.556201765,0.00,3,36.67,0
SARS-CoV2 orf8,E1C9K8,Q32904,0.575121597,0.05,2,26.67,0
SARS-CoV2 orf8,E1C9K8,Q41038,0.536972381,0.00,5.67,33.33,0
SARS-CoV2 orf8,E1C9K8,Q9SQL2,0.526954062,0.00,3,26.67,0
SARS-CoV2 orf8,E1C9K9,E1C9L0,0.411207117,0.00,3,30,0
SARS-CoV2 orf8,E1C9K9,E1C9L2,0.464385751,0.00,4,43.33,0
SARS-CoV2 orf8,E1C9K9,E1C9L3,0.492094261,0.00,11,40,0
SARS-CoV2 orf8,E1C9K9,P05310,0.443414832,0.05,2.33,30,0
SARS-CoV2 orf8,E1C9K9,P10793,0.577009519,0.00,3.67,20,0
SARS-CoV2 orf8,E1C9K9,P12355,0.477076886,0.00,2.33,56.67,0
SARS-CoV2 orf8,E1C9K9,P20120,0.534521561,0.00,4.67,30,0
SARS-CoV2 orf8,E1C9K9,Q32904,0.489020482,0.00,4.33,30,0
SARS-CoV2 orf8,E1C9K9,Q41038,0.482416626,0.00,5,40,0
SARS-CoV2 orf8,E1C9K9,Q9SQL2,0.504296428,0.00,2.67,110,0
SARS-CoV2 orf8,E1C9L0,E1C9L1,0.54400041,0.00,15.67,23.33,0
SARS-CoV2 orf8,E1C9L0,E1C9L2,0.465784394,0.05,3,36.67,0
SARS-CoV2 orf8,E1C9L0,E1C9L3,0.543950733,0.01,5,23.33,0
SARS-CoV2 orf8,E1C9L0,P10793,0.420077833,0.00,3,46.67,0
SARS-CoV2 orf8,E1C9L0,P17227,0.577192222,0.00,2.33,43.33,0
SARS-CoV2 orf8,E1C9L0,P20120,0.466793978,0.00,2.33,50,0
SARS-CoV2 orf8,E1C9L0,Q32904,0.529839566,0.00,4.67,26.67,0
SARS-CoV2 orf8,E1C9L0,Q41038,0.553721507,0.00,3,156.67,0
SARS-CoV2 orf8,E1C9L0,Q9SQL2,0.586842801,0.00,5,30,0
SARS-CoV2 orf8,E1C9L1,E1C9L2,0.479053785,0.05,2,50,0
SARS-CoV2 orf8,E1C9L1,E1C9L3,0.584008837,0.00,23.33,30,0
SARS-CoV2 orf8,E1C9L1,P10793,0.477238163,0.00,7.33,23.33,0
SARS-CoV2 orf8,E1C9L1,P12355,0.545663104,0.00,2,23.33,0
SARS-CoV2 orf8,E1C9L1,P20120,0.598099301,0.00,13.33,46.67,0
SARS-CoV2 orf8,E1C9L1,Q32904,0.47005493,0.00,5,30,0
SARS-CoV2 orf8,E1C9L1,Q41038,0.578696008,0.00,2.33,50,0
SARS-CoV2 orf8,E1C9L1,Q9SQL2,0.510771318,0.00,5,20,0
SARS-CoV2 orf8,E1C9L2,E1C9L3,0.50842817,0.04,55,233.33,0
SARS-CoV2 orf8,E1C9L2,P05310,0.533765188,0.00,14.67,73.33,0
SARS-CoV2 orf8,E1C9L2,P05311,0.535466827,0.00,22.33,20,0
SARS-CoV2 orf8,E1C9L2,P10793,0.500091336,0.00,3,133.33,0
SARS-CoV2 orf9b,O14745,SLC9A3R1,0.993764827,0.00,5,50,1
SARS-CoV2 orf9b,O43633,CHMP2A,0.948289085,0.05,2.33,23.33,1
SARS-CoV2 orf9b,O75534,CSDE1,0.988959751,0.00,5,50,1
SARS-CoV2 orf9b,O94826,TOMM70,0.978100903,0.00,55,550,1
SARS-CoV2 orf9b,P27448,MARK3,0.993959488,0.00,14.67,146.67,1
SARS-CoV2 orf9b,Q7KZI7,MARK2,0.99404114,0.00,22.33,223.33,1
SARS-CoV2 orf9b,Q9H2P9,DPH5,0.956356188,0.03,3,30,1
SARS-CoV2 orf9b,Q9H773,DCTPP1,0.753716811,0.00,23.33,128.33,1
SARS-CoV2 orf9b,Q9P0L2,MARK1,0.99395635,0.00,11.67,116.67,1
SARS-CoV2 orf9b,Q9UKA9,PTBP2,0.991125633,0.00,8.33,83.33,1
SARS-CoV2 orf9b,Q9UL15,BAG5,0.864649763,0.00,6.67,66.67,1
SARS-CoV2 orf9b,B8YB57,B8YB60,0.752971772,0.08,10.021,50,0
SARS-CoV2 orf9b,B8YB57,B8YB62,0.789966998,0.08,10.485,23.33,0
SARS-CoV2 orf9b,B8YB57,B8YB63,0.794938493,0.05,10.433,50,0
SARS-CoV2 orf9b,B8YB57,B8YB64,0.881424779,0.06,10.143,550,0
SARS-CoV2 orf9b,B8YB57,B8YB65,0.913088507,0.08,11.967,146.67,0
SARS-CoV2 orf9b,B8YB58,B8YB59,0.991059815,0.07,10.594,223.33,0
SARS-CoV2 orf9b,B8YB58,B8YB60,0.993904419,0.03,11.692,30,0
SARS-CoV2 orf9b,B8YB58,B8YB61,0.952308232,0.08,11.699,128.33,0
SARS-CoV2 orf9b,B8YB58,B8YB62,0.886323242,0.05,11.632,116.67,0
SARS-CoV2 orf9b,B8YB58,B8YB63,0.758365887,0.06,10.309,83.33,0
SARS-CoV2 orf9b,B8YB58,B8YB64,0.766972437,0.08,10.209,66.67,0
SARS-CoV2 orf9b,E1C9L2,P12355,0.426733069,0.00,23.33,50,0
SARS-CoV2 orf9b,E1C9L2,P17227,0.527301429,0.00,11.67,23.33,0
SARS-CoV2 orf9b,E1C9L2,P20120,0.562898669,0.00,8.33,50,0
SARS-CoV2 orf9b,E1C9L2,Q32904,0.430133781,0.00,6.67,550,0
SARS-CoV2 orf9b,E1C9L2,Q41038,0.402127041,0.03,5.67,146.67,0
SARS-CoV2 orf9b,E1C9L2,Q9SQL2,0.525115315,0.00,3.33,223.33,0
SARS-CoV2 orf9b,E1C9L3,P05311,0.51666919,0.00,35.33,30,0
SARS-CoV2 orf9b,E1C9L3,P10793,0.413169198,0.00,36.67,128.33,0
SARS-CoV2 orf9b,E1C9L3,P12355,0.474633597,0.00,10,116.67,0
SARS-CoV2 orf9b,E1C9L3,P17227,0.472011431,0.00,6.33,83.33,0
SARS-CoV2 orf9b,E1C9L3,P20120,0.407522917,0.05,2,66.67,0
SARS-CoV2 orf9c,O00124,UBXN8,0.770566762,0.00,2.67,26.67,1
SARS-CoV2 orf9c,O43292,GPAA1,0.804405154,0.03,3.33,33.33,1
SARS-CoV2 orf9c,O76024,WFS1,0.955124813,0.03,3,30,1
SARS-CoV2 orf9c,P33527,ABCC1,0.77999958,0.00,12.67,126.67,1
SARS-CoV2 orf9c,P55085,F2RL1,0.891878677,0.00,3.67,36.67,1
SARS-CoV2 orf9c,Q12770,SCAP,0.895648601,0.00,4,40,1
SARS-CoV2 orf9c,Q2PZI1,DPY19L1,0.968853805,0.05,2,20,1
SARS-CoV2 orf9c,Q5BJF2,TMEM97,0.730637585,0.00,3.33,33.33,1
SARS-CoV2 orf9c,Q6NXT4,SLC30A6,0.774357796,0.05,2,20,1
SARS-CoV2 orf9c,Q6NXT6,TAPT1,0.941527935,0.00,2.67,26.67,1
SARS-CoV2 orf9c,Q7Z2K6,ERMP1,0.793920345,0.00,14,140,1
SARS-CoV2 orf9c,Q86UT6,NLRX1,0.93198593,0.00,11.67,116.67,1
SARS-CoV2 orf9c,Q86VR2,RETREG3,0.731626333,0.00,3.33,33.33,1
SARS-CoV2 orf9c,Q8TEQ8,PIGO,0.746326481,0.00,7.33,73.33,1
SARS-CoV2 orf9c,Q96K12,FAR2,0.734768532,0.00,5.67,56.67,1
SARS-CoV2 orf9c,Q9BQ95,ECSIT,0.776412187,0.00,6.67,66.67,1
SARS-CoV2 orf9c,Q9BVK2,ALG8,0.796680672,0.01,2,20,1
SARS-CoV2 orf9c,Q9GZU3,TMEM39B,0.751831436,0.00,4,40,1
SARS-CoV2 orf9c,Q9H3K2,GHITM,0.722254821,0.00,5.67,56.67,1
SARS-CoV2 orf9c,Q9H845,ACAD9,0.720456009,0.00,24.33,243.33,1
SARS-CoV2 orf9c,Q9NV92,NDFIP2,0.980637174,0.00,5,50,1
SARS-CoV2 orf9c,Q9Y276,BCS1L,0.992309958,0.00,35,350,1
SARS-CoV2 orf9c,Q9Y375,NDUFAF1,0.762046149,0.00,3.67,36.67,1
SARS-CoV2 orf9c,Q9Y3A6,TMED5,0.705393478,0.05,2,20,1
SARS-CoV2 orf9c,Q9Y6M9,NDUFB9,0.966177822,0.04,2.33,23.33,1
SARS-CoV2 orf9c,Q96S52,PIGS,0.647089409,0.00,10.67,106.67,1
SARS-CoV2 orf9c,B8YB58,B8YB65,0.753607002,0.02,10.077,26.67,0
SARS-CoV2 orf9c,B8YB58,Q97ZJ9,0.80074032,0.04,11.947,33.33,0
SARS-CoV2 orf9c,B8YB59,B8YB60,0.769472929,0.04,10.453,30,0
SARS-CoV2 orf9c,B8YB59,B8YB61,0.955657163,0.03,10.191,126.67,0
SARS-CoV2 orf9c,B8YB59,B8YB62,0.943304706,0.02,11.02,36.67,0
SARS-CoV2 orf9c,B8YB59,B8YB63,0.880779937,0.04,11.084,40,0
SARS-CoV2 orf9c,B8YB59,B8YB64,0.83958055,0.09,11.056,20,0
SARS-CoV2 orf9c,B8YB59,B8YB65,0.758110505,0.07,11.541,33.33,0
SARS-CoV2 orf9c,B8YB59,Q97ZJ9,0.873826097,0.04,10.471,20,0
SARS-CoV2 orf9c,B8YB59,Q980A3,0.80448832,0.06,10.673,26.67,0
SARS-CoV2 orf9c,B8YB60,B8YB62,0.765109504,0.04,10.739,140,0
SARS-CoV2 orf9c,B8YB60,B8YB63,0.751981385,0.02,10.14,116.67,0
SARS-CoV2 orf9c,B8YB60,B8YB64,0.801486724,0.02,10.34,33.33,0
SARS-CoV2 orf9c,B8YB60,Q980A3,0.756364362,0.03,10.959,73.33,0
SARS-CoV2 orf9c,B8YB61,B8YB62,0.861168798,0.06,10.568,56.67,0
SARS-CoV2 orf9c,B8YB61,B8YB63,0.736635929,0.03,10.818,66.67,0
SARS-CoV2 orf9c,B8YB61,B8YB64,0.875048268,0.08,10.789,20,0
SARS-CoV2 orf9c,B8YB61,B8YB65,0.803607895,0.05,11.231,40,0
SARS-CoV2 orf9c,B8YB62,B8YB63,0.95331626,0.05,11.419,56.67,0
SARS-CoV2 orf9c,B8YB62,B8YB64,0.846200046,0.06,10.671,243.33,0
SARS-CoV2 orf9c,B8YB62,B8YB65,0.73787466,0.07,10.636,50,0
SARS-CoV2 orf9c,B8YB62,Q97ZJ9,0.921076719,0.03,10.203,350,0
SARS-CoV2 orf9c,B8YB62,Q980A3,0.818230245,0.03,11.907,36.67,0
SARS-CoV2 orf9c,B8YB63,B8YB65,0.753067271,0.07,11.416,20,0
SARS-CoV2 orf9c,B8YB63,Q97ZJ9,0.736672944,0.08,10.768,23.33,0
SARS-CoV2 orf9c,B8YB63,Q980A3,0.958133672,0.09,10.885,106.67,0
SARS-CoV2 orf9c,E1C9L3,Q32904,0.578711598,0.00,6,26.67,0
SARS-CoV2 orf9c,E1C9L3,Q41038,0.509171451,0.00,3.33,33.33,0
SARS-CoV2 orf9c,E1C9L3,Q9SQL2,0.482173915,0.00,3.33,30,0
SARS-CoV2 orf9c,E1ITP8,P00698,0.444910905,0.00,4.67,126.67,0
SARS-CoV2 orf9c,E2QZZ6,Q9WU49,0.404264383,0.00,4,36.67,0
SARS-CoV2 orf9c,E2TAM5,O33244,0.455671734,0.00,7.33,40,0
SARS-CoV2 orf9c,E2TAM5,O33245,0.586258378,0.00,43,20,0
SARS-CoV2 orf9c,E2TRM7,P64528,0.59710768,0.05,5.67,33.33,0
SARS-CoV2 orf9c,E3G1A7,E7V2G6,0.985331119,0.00,4.67,20,0
SARS-CoV2 orf9c,E3G1A7,P22524,0.721790867,0.00,14.67,26.67,0
SARS-CoV2 orf9c,E3G1A7,Q0TJD1,0.993645979,0.00,3,140,0
SARS-CoV2 orf9c,E7EVR3,Q8BN74,0.978204196,0.00,2.67,116.67,0
SARS-CoV2 orf9c,E7HQL4,P0ADV1,0.743312102,0.00,2.67,33.33,0
SARS-CoV2 orf9c,E7HQL4,P0ADV3,0.931530938,0.00,15,73.33,0
SARS-CoV2 orf9c,E7K310,P80054,0.984056824,0.00,8.33,56.67,0
SARS-CoV2 orf9c,E7KNE2,P53011,0.95793072,0.00,2.67,66.67,0
SARS-CoV2 orf9c,E7M1J3,P17157,0.932470503,0.00,6.33,20,0
SARS-CoV2 orf9c,E7NEK9,E7QB62,0.991893438,0.00,14.33,40,0
SARS-CoV2 orf9c,E7NEK9,P07251,0.722502016,0.00,8,56.67,0
SARS-CoV2 orf9c,E7NEK9,Q12165,0.977300463,0.00,15.33,243.33,0
SARS-CoV2 orf9c,E7QB62,E9PAG7,0.989068101,0.00,11.33,50,0
SARS-CoV2 orf9c,E7QB62,P07251,0.72751463,0.00,2,350,0
SARS-CoV2 orf9c,E7QB62,P21306,0.723777507,0.00,9,36.67,0
SARS-CoV2 orf9c,E7QB62,Q12165,0.877155555,0.00,9.33,20,0
SARS-CoV2 orf9c,E7QC79,P25651,0.732723909,0.00,9.67,23.33,0
SARS-CoV2 orf9c,E7UK73,P23827,0.80084048,0.00,7.67,106.67,0
SARS-CoV2 Spike,Q7Z5G4,GOLGA7,0.978892719,0.05,2,20,1
SARS-CoV2 Spike,Q9C0B5,ZDHHC5,0.982389013,0.00,6,60,1
SARS-CoV2 Spike,A2VJK8,C1AQ26,0.985884183,0.03,18.783,20,0
SARS-CoV2 Spike,A2VJK8,D5YRR7,0.966748836,0.07,15.664,60,0
SARS-CoV2 Spike,C6TEX2,Q41038,0.952311087,0.07,10.011,20,0
SARS-CoV2 Spike,C6TEX2,Q41385,0.985604541,0.03,10.493,60,0
